Id,Hora de início,Hora de conclusão,Colaborador,MATRICULA S/ DIGITO,FRENTE DE SERVIÇO,TIPO DE ORDEM DE SERVIÇO,QUAL FOI A ALTERAÇÃO DE ECONOMIA?,TIPO DE ALTERAÇÃO,TIPO DE ECONOMIA,DE:,PARA:,ANTERIOR,ATUAL,QUANTIDADE
1,2026-03-07 11:57:00,2026-03-07 12:07:00,Assistente 4,5001029,CADASTRO,Alteração de Categoria e Economia,,Alteração de categoria,Social,,,Social,Pública,1
2,2026-03-03 12:33:00,2026-03-03 12:48:00,Assistente 1,5002884,CADASTRO,Alteração de Categoria e Economia,,Alteração de categoria,Industrial,,,Industrial,Residencial,1
3,2026-03-07 08:28:00,2026-03-07 08:40:00,Assistente 1,5003626,CADASTRO,Alteração de Categoria,,Alteração de categoria,Industrial,,,Industrial,Pequeno comércio,1
4,2026-03-02 13:33:00,2026-03-02 13:53:00,Assistente 4,5007000,CADASTRO,Alteração de Categoria,,Alteração de categoria,Residencial,,,Residencial,Social,1
5,2026-03-18 12:17:00,2026-03-18 12:35:00,Assistente 3,5005768,CADASTRO,Alteração de Categoria,,Alteração de categoria,Residencial,,,Residencial,Pública,1
6,2026-03-21 16:45:00,2026-03-21 17:02:00,Assistente 2,5006776,CADASTRO,Alteração de Categoria,,Alteração de categoria,Pública,,,Pública,Social,1
7,2026-03-04 11:18:00,2026-03-04 11:27:00,Assistente 2,5003983,CADASTRO,Sem Tratativa,,Encerrado sem tratativa,,,,,,
8,2026-03-15 08:04:00,2026-03-15 08:07:00,Assistente 5,5006804,CADASTRO,Alteração de Economia,Decremento,Alteração de economias,Residencial,4 RESIDENCIAL,3 RESIDENCIAL,,,
9,2026-03-05 11:33:00,2026-03-05 11:44:00,Assistente 2,5004410,CADASTRO,Alteração de Categoria,,Alteração de categoria,Social,,,Social,Pequeno comércio,2
10,2026-03-07 09:11:00,2026-03-07 09:25:00,Assistente 3,5003080,CADASTRO,Alteração de Categoria,,Alteração de categoria,Pública,,,Pública,Industrial,2
11,2026-03-09 13:36:00,2026-03-09 13:45:00,Assistente 3,5007882,CADASTRO,Alteração de Economia,Incremento,Alteração de economias,Residencial,2 RESIDENCIAL,3 RESIDENCIAL,,,
12,2026-03-03 15:02:00,2026-03-03 15:11:00,Assistente 2,5004424,CADASTRO,Alteração de Categoria e Economia,,Alteração de categoria,Pequeno comércio,,,Pequeno comércio,Pública,1
13,2026-03-24 12:40:00,2026-03-24 12:44:00,Assistente 1,5003955,CADASTRO,Sem Tratativa,,Encerrado sem tratativa,,,,,,
14,2026-03-25 15:17:00,2026-03-25 15:21:00,Assistente 4,5007525,CADASTRO,Alteração de Categoria,,Alteração de categoria,Pública,,,Pública,Social,1
15,2026-03-23 12:04:00,2026-03-23 12:07:00,Assistente 5,5001855,CADASTRO,Alteração de Economia,Incremento,Alteração de economias,Residencial,3 RESIDENCIAL,4 RESIDENCIAL,,,
16,2026-03-08 12:29:00,2026-03-08 12:39:00,Assistente 1,5004060,CADASTRO,Sem Tratativa,,Encerrado sem tratativa,,,,,,
17,2026-03-19 12:32:00,2026-03-19 12:49:00,Assistente 3,5006587,CADASTRO,Sem Tratativa,,Encerrado sem tratativa,,,,,,
18,2026-03-25 09:30:00,2026-03-25 09:49:00,Assistente 2,5003808,CADASTRO,Sem Tratativa,,Encerrado sem tratativa,,,,,,
19,2026-03-13 07:57:00,2026-03-13 08:11:00,Assistente 1,5005306,CADASTRO,Alteração de Categoria,,Alteração de categoria,Industrial,,,Industrial,Residencial,1
20,2026-03-03 08:54:00,2026-03-03 08:56:00,Assistente 1,5004494,CADASTRO,Alteração de Categoria,,Alteração de categoria,Residencial,,,Residencial,Pública,1
21,2026-03-19 09:25:00,2026-03-19 09:28:00,Assistente 2,5002233,CADASTRO,Alteração de Categoria,,Alteração de categoria,Comercial,,,Comercial,Residencial,1
22,2026-03-07 08:01:00,2026-03-07 08:19:00,Assistente 5,5006839,CADASTRO,Alteração de Categoria,,Alteração de categoria,Industrial,,,Industrial,Residencial,2
23,2026-03-03 09:05:00,2026-03-03 09:19:00,Assistente 2,5005096,CADASTRO,Alteração de Economia,Incremento,Alteração de economias,Residencial,1 RESIDENCIAL,2 RESIDENCIAL,,,
24,2026-03-17 10:59:00,2026-03-17 11:02:00,Assistente 3,5000077,CADASTRO,Alteração de Categoria,,Alteração de categoria,Residencial,,,Residencial,Pública,2
25,2026-03-07 14:50:00,2026-03-07 15:05:00,Assistente 4,5001407,CADASTRO,Alteração de Economia,Decremento,Alteração de economias,Residencial,4 RESIDENCIAL,3 RESIDENCIAL,,,
26,2026-03-08 07:59:00,2026-03-08 08:05:00,Assistente 4,5006307,CADASTRO,Alteração de Economia,Incremento,Alteração de economias,Social,1 SOCIAL,4 SOCIAL,,,
27,2026-03-26 15:28:00,2026-03-26 15:30:00,Assistente 3,5007147,CADASTRO,Alteração de Categoria,,Alteração de categoria,Comercial,,,Comercial,Industrial,1
28,2026-03-07 17:36:00,2026-03-07 17:54:00,Assistente 1,5002723,CADASTRO,Alteração de Economia,Incremento,Alteração de economias,Residencial,1 RESIDENCIAL,3 RESIDENCIAL,,,
29,2026-03-22 09:17:00,2026-03-22 09:32:00,Assistente 1,5005271,CADASTRO,Alteração de Categoria,,Alteração de categoria,Residencial,,,Residencial,Comercial,1
30,2026-03-10 15:57:00,2026-03-10 15:59:00,Assistente 4,5006748,CADASTRO,Sem Tratativa,,Encerrado sem tratativa,,,,,,
31,2026-03-11 12:22:00,2026-03-11 12:34:00,Assistente 1,5006062,CADASTRO,Alteração de Economia,Decremento,Alteração de economias,Pública,3 PUBLICA,2 PUBLICA,,,
32,2026-03-04 14:16:00,2026-03-04 14:31:00,Assistente 5,5002100,CADASTRO,Sem Tratativa,,Encerrado sem tratativa,,,,,,
33,2026-03-27 13:21:00,2026-03-27 13:37:00,Assistente 2,5003647,CADASTRO,Alteração de Categoria,,Alteração de categoria,Residencial,,,Residencial,Comercial,2
34,2026-03-22 10:14:00,2026-03-22 10:24:00,Assistente 2,5005824,CADASTRO,Alteração de Economia,Decremento,Alteração de economias,Residencial,2 RESIDENCIAL,1 RESIDENCIAL,,,
35,2026-03-19 08:35:00,2026-03-19 08:42:00,Assistente 1,5007560,CADASTRO,Alteração de Categoria,,Alteração de categoria,Pública,,,Pública,Comercial,1
36,2026-03-05 09:50:00,2026-03-05 10:01:00,Assistente 2,5005782,CADASTRO,Alteração de Economia,Incremento,Alteração de economias,Residencial,2 RESIDENCIAL,3 RESIDENCIAL,,,
37,2026-03-26 17:27:00,2026-03-26 17:40:00,Assistente 1,5005474,CADASTRO,Alteração de Economia,Incremento,Alteração de economias,Pública,1 PUBLICA,4 PUBLICA,,,
38,2026-03-17 17:23:00,2026-03-17 17:42:00,Assistente 4,5000154,CADASTRO,Alteração de Economia,Incremento,Alteração de economias,Residencial,2 RESIDENCIAL,5 RESIDENCIAL,,,
39,2026-03-02 09:05:00,2026-03-02 09:14:00,Assistente 2,5004914,CADASTRO,Sem Tratativa,,Encerrado sem tratativa,,,,,,
40,2026-03-13 17:08:00,2026-03-13 17:23:00,Assistente 2,5006741,CADASTRO,Alteração de Categoria,,Alteração de categoria,Comercial,,,Comercial,Pequeno comércio,1
41,2026-03-21 16:03:00,2026-03-21 16:08:00,Assistente 5,5005768,CADASTRO,Alteração de Categoria,,Alteração de categoria,Comercial,,,Comercial,Residencial,1
42,2026-03-13 08:26:00,2026-03-13 08:29:00,Assistente 1,5002380,CADASTRO,Alteração de Economia,Incremento,Alteração de economias,Comercial,3 COMERCIAL,6 COMERCIAL,,,
43,2026-03-13 17:45:00,2026-03-13 17:57:00,Assistente 2,5003724,CADASTRO,Alteração de Economia,Incremento,Alteração de economias,Comercial,2 COMERCIAL,3 COMERCIAL,,,
44,2026-03-11 07:56:00,2026-03-11 08:04:00,Assistente 3,5001708,CADASTRO,Alteração de Economia,Incremento,Alteração de economias,Social,1 SOCIAL,3 SOCIAL,,,
45,2026-03-07 14:47:00,2026-03-07 15:04:00,Assistente 1,5001771,CADASTRO,Alteração de Economia,Incremento,Alteração de economias,Pequeno comércio,2 P. COMERCIO,3 P. COMERCIO,,,
46,2026-03-08 12:49:00,2026-03-08 13:04:00,Assistente 3,5007938,CADASTRO,Alteração de Economia,Decremento,Alteração de economias,Social,4 SOCIAL,3 SOCIAL,,,
47,2026-03-21 14:32:00,2026-03-21 14:34:00,Assistente 1,5004655,CADASTRO,Alteração de Economia,Incremento,Alteração de economias,Residencial,1 RESIDENCIAL,2 RESIDENCIAL,,,
48,2026-03-07 08:02:00,2026-03-07 08:09:00,Assistente 3,5000021,CADASTRO,Alteração de Economia,Incremento,Alteração de economias,Residencial,1 RESIDENCIAL,2 RESIDENCIAL,,,
49,2026-03-12 08:55:00,2026-03-12 09:05:00,Assistente 5,5001960,CADASTRO,Alteração de Categoria,,Alteração de categoria,Social,,,Social,Residencial,1
50,2026-03-10 09:34:00,2026-03-10 09:36:00,Assistente 5,5001904,CADASTRO,Sem Tratativa,,Encerrado sem tratativa,,,,,,
51,2026-03-17 14:43:00,2026-03-17 14:47:00,Assistente 2,5005369,CADASTRO,Alteração de Categoria,,Alteração de categoria,Pública,,,Pública,Residencial,1
52,2026-03-06 09:55:00,2026-03-06 10:13:00,Assistente 4,5002933,CADASTRO,Alteração de Categoria,,Alteração de categoria,Industrial,,,Industrial,Pequeno comércio,1
53,2026-03-10 08:12:00,2026-03-10 08:23:00,Assistente 2,5004102,CADASTRO,Sem Tratativa,,Encerrado sem tratativa,,,,,,
54,2026-03-17 13:12:00,2026-03-17 13:18:00,Assistente 3,5002009,CADASTRO,Alteração de Categoria,,Alteração de categoria,Pequeno comércio,,,Pequeno comércio,Social,1
55,2026-03-21 10:22:00,2026-03-21 10:39:00,Assistente 3,5003654,CADASTRO,Alteração de Categoria,,Alteração de categoria,Pequeno comércio,,,Pequeno comércio,Pública,1
56,2026-03-27 14:56:00,2026-03-27 15:05:00,Assistente 5,5003262,CADASTRO,Alteração de Economia,Decremento,Alteração de economias,Residencial,3 RESIDENCIAL,2 RESIDENCIAL,,,
57,2026-03-11 07:58:00,2026-03-11 08:18:00,Assistente 4,5005222,CADASTRO,Sem Tratativa,,Encerrado sem tratativa,,,,,,
58,2026-03-01 17:23:00,2026-03-01 17:26:00,Assistente 3,5006118,CADASTRO,Alteração de Economia,Incremento,Alteração de economias,Residencial,1 RESIDENCIAL,4 RESIDENCIAL,,,
59,2026-03-15 16:56:00,2026-03-15 17:10:00,Assistente 5,5006937,CADASTRO,Alteração de Categoria,,Alteração de categoria,Residencial,,,Residencial,Industrial,2
60,2026-03-10 12:04:00,2026-03-10 12:18:00,Assistente 5,5004368,CADASTRO,Sem Tratativa,,Encerrado sem tratativa,,,,,,
61,2026-03-02 11:22:00,2026-03-02 11:29:00,Assistente 1,5004487,CADASTRO,Alteração de Categoria,,Alteração de categoria,Comercial,,,Comercial,Pública,2
62,2026-03-22 08:18:00,2026-03-22 08:30:00,Assistente 4,5007217,CADASTRO,Alteração de Categoria e Economia,,Alteração de categoria,Pequeno comércio,,,Pequeno comércio,Social,1
63,2026-03-18 08:12:00,2026-03-18 08:31:00,Assistente 5,5002506,CADASTRO,Alteração de Economia,Incremento,Alteração de economias,Industrial,1 INDUSTRIAL,4 INDUSTRIAL,,,
64,2026-03-14 10:44:00,2026-03-14 10:51:00,Assistente 1,5008323,CADASTRO,Alteração de Categoria,,Alteração de categoria,Pequeno comércio,,,Pequeno comércio,Pública,1
65,2026-03-24 17:27:00,2026-03-24 17:31:00,Assistente 1,5000091,CADASTRO,Alteração de Economia,Incremento,Alteração de economias,Comercial,3 COMERCIAL,5 COMERCIAL,,,
66,2026-03-14 07:54:00,2026-03-14 08:01:00,Assistente 5,5001827,CADASTRO,Alteração de Economia,Incremento,Alteração de economias,Residencial,2 RESIDENCIAL,3 RESIDENCIAL,,,
67,2026-03-03 14:33:00,2026-03-03 14:39:00,Assistente 5,5007469,CADASTRO,Alteração de Economia,Incremento,Alteração de economias,Residencial,2 RESIDENCIAL,5 RESIDENCIAL,,,
68,2026-03-05 08:30:00,2026-03-05 08:44:00,Assistente 2,5003962,CADASTRO,Sem Tratativa,,Encerrado sem tratativa,,,,,,
69,2026-03-07 09:38:00,2026-03-07 09:54:00,Assistente 4,5003913,CADASTRO,Alteração de Categoria,,Alteração de categoria,Pequeno comércio,,,Pequeno comércio,Social,1
70,2026-03-04 14:27:00,2026-03-04 14:44:00,Assistente 4,5006412,CADASTRO,Alteração de Categoria e Economia,,Alteração de categoria,Residencial,,,Residencial,Social,1
71,2026-03-27 11:43:00,2026-03-27 11:54:00,Assistente 3,5006335,CADASTRO,Alteração de Categoria,,Alteração de categoria,Industrial,,,Industrial,Pequeno comércio,1
72,2026-03-06 09:14:00,2026-03-06 09:34:00,Assistente 5,5000504,CADASTRO,Alteração de Categoria e Economia,,Alteração de categoria,Comercial,,,Comercial,Pública,2
73,2026-03-23 14:17:00,2026-03-23 14:32:00,Assistente 5,5002247,CADASTRO,Sem Tratativa,,Encerrado sem tratativa,,,,,,
74,2026-03-06 15:49:00,2026-03-06 15:53:00,Assistente 2,5007539,CADASTRO,Alteração de Economia,Incremento,Alteração de economias,Social,1 SOCIAL,4 SOCIAL,,,
75,2026-03-09 14:52:00,2026-03-09 15:05:00,Assistente 1,5001820,CADASTRO,Alteração de Categoria e Economia,,Alteração de categoria,Industrial,,,Industrial,Social,1
76,2026-03-02 15:11:00,2026-03-02 15:18:00,Assistente 3,5005523,CADASTRO,Sem Tratativa,,Encerrado sem tratativa,,,,,,
77,2026-03-16 17:24:00,2026-03-16 17:32:00,Assistente 4,5001393,CADASTRO,Alteração de Categoria,,Alteração de categoria,Pequeno comércio,,,Pequeno comércio,Comercial,1
78,2026-03-14 08:30:00,2026-03-14 08:45:00,Assistente 3,5004508,CADASTRO,Alteração de Economia,Incremento,Alteração de economias,Pequeno comércio,1 P. COMERCIO,2 P. COMERCIO,,,
79,2026-03-12 17:37:00,2026-03-12 17:48:00,Assistente 4,5000462,CADASTRO,Sem Tratativa,,Encerrado sem tratativa,,,,,,
80,2026-03-19 14:04:00,2026-03-19 14:23:00,Assistente 3,5004718,CADASTRO,Alteração de Categoria,,Alteração de categoria,Residencial,,,Residencial,Pública,1
81,2026-03-23 16:15:00,2026-03-23 16:20:00,Assistente 3,5007784,CADASTRO,Alteração de Economia,Incremento,Alteração de economias,Residencial,1 RESIDENCIAL,2 RESIDENCIAL,,,
82,2026-03-03 13:24:00,2026-03-03 13:27:00,Assistente 3,5000413,CADASTRO,Alteração de Categoria,,Alteração de categoria,Comercial,,,Comercial,Pequeno comércio,1
83,2026-03-20 13:38:00,2026-03-20 13:53:00,Assistente 1,5000217,CADASTRO,Alteração de Economia,Incremento,Alteração de economias,Residencial,3 RESIDENCIAL,4 RESIDENCIAL,,,
84,2026-03-23 12:05:00,2026-03-23 12:16:00,Assistente 4,5000924,CADASTRO,Alteração de Economia,Decremento,Alteração de economias,Pública,3 PUBLICA,2 PUBLICA,,,
85,2026-03-12 11:33:00,2026-03-12 11:39:00,Assistente 1,5000707,CADASTRO,Alteração de Categoria,,Alteração de categoria,Social,,,Social,Pública,1
86,2026-03-21 17:44:00,2026-03-21 17:51:00,Assistente 1,5007882,CADASTRO,Alteração de Categoria,,Alteração de categoria,Industrial,,,Industrial,Residencial,1
87,2026-03-08 09:39:00,2026-03-08 09:50:00,Assistente 2,5003164,CADASTRO,Alteração de Categoria,,Alteração de categoria,Comercial,,,Comercial,Pública,2
88,2026-03-19 13:49:00,2026-03-19 13:54:00,Assistente 4,5007518,CADASTRO,Alteração de Economia,Decremento,Alteração de economias,Industrial,2 INDUSTRIAL,1 INDUSTRIAL,,,
89,2026-03-09 15:09:00,2026-03-09 15:19:00,Assistente 5,5000161,CADASTRO,Alteração de Economia,Decremento,Alteração de economias,Residencial,4 RESIDENCIAL,3 RESIDENCIAL,,,
90,2026-03-17 08:32:00,2026-03-17 08:46:00,Assistente 3,5005236,CADASTRO,Alteração de Categoria,,Alteração de categoria,Social,,,Social,Pequeno comércio,1
91,2026-04-25 12:52:00,2026-04-25 13:11:00,Assistente 3,5004627,CADASTRO,Sem Tratativa,,Encerrado sem tratativa,,,,,,
92,2026-04-14 09:18:00,2026-04-14 09:33:00,Assistente 2,5003745,CADASTRO,Alteração de Economia,Incremento,Alteração de economias,Residencial,1 RESIDENCIAL,2 RESIDENCIAL,,,
93,2026-04-12 15:37:00,2026-04-12 15:50:00,Assistente 1,5005880,CADASTRO,Alteração de Categoria,,Alteração de categoria,Social,,,Social,Comercial,2
94,2026-04-21 17:29:00,2026-04-21 17:34:00,Assistente 3,5002996,CADASTRO,Alteração de Economia,Incremento,Alteração de economias,Comercial,1 COMERCIAL,2 COMERCIAL,,,
95,2026-04-08 08:21:00,2026-04-08 08:31:00,Assistente 4,5006461,CADASTRO,Alteração de Categoria,,Alteração de categoria,Comercial,,,Comercial,Industrial,2
96,2026-04-21 16:45:00,2026-04-21 17:04:00,Assistente 1,5004417,CADASTRO,Alteração de Categoria e Economia,,Alteração de categoria,Pública,,,Pública,Social,2
97,2026-04-27 09:49:00,2026-04-27 09:58:00,Assistente 3,5000651,CADASTRO,Sem Tratativa,,Encerrado sem tratativa,,,,,,
98,2026-04-27 14:27:00,2026-04-27 14:39:00,Assistente 4,5003262,CADASTRO,Alteração de Economia,Incremento,Alteração de economias,Residencial,3 RESIDENCIAL,4 RESIDENCIAL,,,
99,2026-04-09 14:43:00,2026-04-09 14:48:00,Assistente 5,5000861,CADASTRO,Alteração de Categoria,,Alteração de categoria,Social,,,Social,Pequeno comércio,1
100,2026-04-16 10:34:00,2026-04-16 10:44:00,Assistente 4,5005726,CADASTRO,Alteração de Economia,Incremento,Alteração de economias,Residencial,1 RESIDENCIAL,2 RESIDENCIAL,,,
101,2026-04-06 16:43:00,2026-04-06 16:53:00,Assistente 5,5004830,CADASTRO,Alteração de Economia,Incremento,Alteração de economias,Pública,3 PUBLICA,4 PUBLICA,,,
102,2026-04-26 10:30:00,2026-04-26 10:43:00,Assistente 4,5006363,CADASTRO,Alteração de Categoria,,Alteração de categoria,Pequeno comércio,,,Pequeno comércio,Pública,2
103,2026-04-17 12:16:00,2026-04-17 12:36:00,Assistente 5,5005768,CADASTRO,Alteração de Categoria,,Alteração de categoria,Residencial,,,Residencial,Pequeno comércio,1
104,2026-04-11 15:06:00,2026-04-11 15:21:00,Assistente 4,5000161,CADASTRO,Alteração de Categoria,,Alteração de categoria,Social,,,Social,Pública,1
105,2026-04-24 14:28:00,2026-04-24 14:31:00,Assistente 5,5007826,CADASTRO,Alteração de Categoria,,Alteração de categoria,Industrial,,,Industrial,Social,2
106,2026-04-06 12:38:00,2026-04-06 12:49:00,Assistente 5,5006524,CADASTRO,Alteração de Economia,Incremento,Alteração de economias,Residencial,3 RESIDENCIAL,4 RESIDENCIAL,,,
107,2026-04-14 11:54:00,2026-04-14 12:02:00,Assistente 2,5000182,CADASTRO,Alteração de Economia,Incremento,Alteração de economias,Residencial,1 RESIDENCIAL,2 RESIDENCIAL,,,
108,2026-04-20 08:01:00,2026-04-20 08:13:00,Assistente 4,5004879,CADASTRO,Alteração de Economia,Incremento,Alteração de economias,Comercial,2 COMERCIAL,4 COMERCIAL,,,
109,2026-04-15 16:39:00,2026-04-15 16:51:00,Assistente 3,5005054,CADASTRO,Alteração de Categoria e Economia,,Alteração de categoria,Residencial,,,Residencial,Pública,2
110,2026-04-19 17:03:00,2026-04-19 17:11:00,Assistente 5,5002737,CADASTRO,Alteração de Economia,Incremento,Alteração de economias,Residencial,2 RESIDENCIAL,3 RESIDENCIAL,,,
111,2026-04-11 09:36:00,2026-04-11 09:46:00,Assistente 2,5004578,CADASTRO,Sem Tratativa,,Encerrado sem tratativa,,,,,,
112,2026-04-04 13:28:00,2026-04-04 13:36:00,Assistente 4,5007371,CADASTRO,Alteração de Categoria,,Alteração de categoria,Pequeno comércio,,,Pequeno comércio,Pública,1
113,2026-04-16 09:03:00,2026-04-16 09:19:00,Assistente 2,5001981,CADASTRO,Alteração de Economia,Incremento,Alteração de economias,Residencial,2 RESIDENCIAL,3 RESIDENCIAL,,,
114,2026-04-05 16:39:00,2026-04-05 16:56:00,Assistente 4,5001645,CADASTRO,Alteração de Economia,Incremento,Alteração de economias,Social,2 SOCIAL,3 SOCIAL,,,
115,2026-04-26 08:09:00,2026-04-26 08:18:00,Assistente 1,5008190,CADASTRO,Alteração de Categoria,,Alteração de categoria,Social,,,Social,Comercial,1
116,2026-04-27 11:48:00,2026-04-27 11:53:00,Assistente 3,5003031,CADASTRO,Alteração de Economia,Incremento,Alteração de economias,Comercial,3 COMERCIAL,4 COMERCIAL,,,
117,2026-04-17 09:29:00,2026-04-17 09:40:00,Assistente 5,5004781,CADASTRO,Alteração de Categoria e Economia,,Alteração de categoria,Social,,,Social,Pública,1
118,2026-04-18 14:18:00,2026-04-18 14:25:00,Assistente 4,5001064,CADASTRO,Sem Tratativa,,Encerrado sem tratativa,,,,,,
119,2026-04-12 09:50:00,2026-04-12 10:01:00,Assistente 2,5005663,CADASTRO,Alteração de Economia,Decremento,Alteração de economias,Residencial,4 RESIDENCIAL,3 RESIDENCIAL,,,
120,2026-04-22 13:57:00,2026-04-22 14:11:00,Assistente 5,5004858,CADASTRO,Alteração de Categoria,,Alteração de categoria,Social,,,Social,Industrial,1
121,2026-04-16 08:50:00,2026-04-16 09:03:00,Assistente 2,5007728,CADASTRO,Sem Tratativa,,Encerrado sem tratativa,,,,,,
122,2026-04-13 13:27:00,2026-04-13 13:47:00,Assistente 3,5006153,CADASTRO,Alteração de Economia,Incremento,Alteração de economias,Residencial,3 RESIDENCIAL,6 RESIDENCIAL,,,
123,2026-04-08 07:58:00,2026-04-08 08:01:00,Assistente 4,5000973,CADASTRO,Alteração de Economia,Decremento,Alteração de economias,Residencial,3 RESIDENCIAL,2 RESIDENCIAL,,,
124,2026-04-11 15:42:00,2026-04-11 15:49:00,Assistente 2,5002940,CADASTRO,Sem Tratativa,,Encerrado sem tratativa,,,,,,
125,2026-04-17 16:24:00,2026-04-17 16:33:00,Assistente 1,5002436,CADASTRO,Alteração de Economia,Incremento,Alteração de economias,Social,2 SOCIAL,5 SOCIAL,,,
126,2026-04-26 08:13:00,2026-04-26 08:33:00,Assistente 5,5002450,CADASTRO,Alteração de Economia,Incremento,Alteração de economias,Comercial,2 COMERCIAL,3 COMERCIAL,,,
127,2026-04-01 13:34:00,2026-04-01 13:54:00,Assistente 1,5006083,CADASTRO,Alteração de Economia,Incremento,Alteração de economias,Social,1 SOCIAL,3 SOCIAL,,,
128,2026-04-12 13:02:00,2026-04-12 13:14:00,Assistente 3,5008015,CADASTRO,Sem Tratativa,,Encerrado sem tratativa,,,,,,
129,2026-04-26 12:01:00,2026-04-26 12:18:00,Assistente 3,5004417,CADASTRO,Alteração de Categoria,,Alteração de categoria,Residencial,,,Residencial,Industrial,1
130,2026-04-26 13:31:00,2026-04-26 13:39:00,Assistente 5,5002373,CADASTRO,Alteração de Categoria,,Alteração de categoria,Industrial,,,Industrial,Residencial,1
131,2026-04-23 13:57:00,2026-04-23 14:05:00,Assistente 5,5006349,CADASTRO,Alteração de Economia,Incremento,Alteração de economias,Social,2 SOCIAL,3 SOCIAL,,,
132,2026-04-05 14:30:00,2026-04-05 14:32:00,Assistente 3,5007077,CADASTRO,Alteração de Categoria,,Alteração de categoria,Pequeno comércio,,,Pequeno comércio,Residencial,1
133,2026-04-22 15:56:00,2026-04-22 16:13:00,Assistente 4,5001631,CADASTRO,Alteração de Economia,Incremento,Alteração de economias,Residencial,3 RESIDENCIAL,4 RESIDENCIAL,,,
134,2026-04-26 13:18:00,2026-04-26 13:30:00,Assistente 2,5006510,CADASTRO,Alteração de Economia,Incremento,Alteração de economias,Social,1 SOCIAL,2 SOCIAL,,,
135,2026-04-17 08:33:00,2026-04-17 08:36:00,Assistente 5,5005502,CADASTRO,Sem Tratativa,,Encerrado sem tratativa,,,,,,
136,2026-04-15 15:08:00,2026-04-15 15:14:00,Assistente 4,5003920,CADASTRO,Sem Tratativa,,Encerrado sem tratativa,,,,,,
137,2026-04-11 10:20:00,2026-04-11 10:31:00,Assistente 2,5006034,CADASTRO,Alteração de Categoria,,Alteração de categoria,Residencial,,,Residencial,Social,1
138,2026-04-10 09:24:00,2026-04-10 09:31:00,Assistente 4,5001274,CADASTRO,Alteração de Economia,Incremento,Alteração de economias,Social,1 SOCIAL,2 SOCIAL,,,
139,2026-04-04 13:05:00,2026-04-04 13:09:00,Assistente 4,5004851,CADASTRO,Alteração de Categoria,,Alteração de categoria,Pequeno comércio,,,Pequeno comércio,Social,1
140,2026-04-14 08:04:00,2026-04-14 08:23:00,Assistente 1,5007518,CADASTRO,Sem Tratativa,,Encerrado sem tratativa,,,,,,
141,2026-04-24 13:14:00,2026-04-24 13:34:00,Assistente 2,5007441,CADASTRO,Alteração de Economia,Incremento,Alteração de economias,Residencial,3 RESIDENCIAL,4 RESIDENCIAL,,,
142,2026-04-15 14:57:00,2026-04-15 15:02:00,Assistente 2,5001232,CADASTRO,Alteração de Categoria,,Alteração de categoria,Pequeno comércio,,,Pequeno comércio,Residencial,2
143,2026-04-02 09:11:00,2026-04-02 09:25:00,Assistente 4,5005516,CADASTRO,Alteração de Economia,Decremento,Alteração de economias,Residencial,3 RESIDENCIAL,2 RESIDENCIAL,,,
144,2026-04-20 15:23:00,2026-04-20 15:32:00,Assistente 4,5006174,CADASTRO,Alteração de Categoria,,Alteração de categoria,Pública,,,Pública,Residencial,2
145,2026-04-23 14:42:00,2026-04-23 14:45:00,Assistente 2,5004144,CADASTRO,Sem Tratativa,,Encerrado sem tratativa,,,,,,
146,2026-04-07 14:00:00,2026-04-07 14:20:00,Assistente 4,5005425,CADASTRO,Alteração de Economia,Incremento,Alteração de economias,Residencial,3 RESIDENCIAL,4 RESIDENCIAL,,,
147,2026-04-15 13:01:00,2026-04-15 13:17:00,Assistente 3,5001449,CADASTRO,Alteração de Economia,Decremento,Alteração de economias,Residencial,3 RESIDENCIAL,2 RESIDENCIAL,,,
148,2026-04-22 11:05:00,2026-04-22 11:13:00,Assistente 4,5004053,CADASTRO,Alteração de Categoria,,Alteração de categoria,Comercial,,,Comercial,Pequeno comércio,2
149,2026-04-22 10:49:00,2026-04-22 11:00:00,Assistente 3,5005649,CADASTRO,Alteração de Economia,Incremento,Alteração de economias,Industrial,1 INDUSTRIAL,4 INDUSTRIAL,,,
150,2026-04-27 11:08:00,2026-04-27 11:13:00,Assistente 4,5007672,CADASTRO,Alteração de Economia,Incremento,Alteração de economias,Residencial,2 RESIDENCIAL,3 RESIDENCIAL,,,
151,2026-04-22 12:31:00,2026-04-22 12:36:00,Assistente 3,5003108,CADASTRO,Alteração de Economia,Incremento,Alteração de economias,Residencial,3 RESIDENCIAL,5 RESIDENCIAL,,,
152,2026-04-01 15:21:00,2026-04-01 15:32:00,Assistente 3,5002870,CADASTRO,Sem Tratativa,,Encerrado sem tratativa,,,,,,
153,2026-04-21 09:20:00,2026-04-21 09:29:00,Assistente 4,5006881,CADASTRO,Alteração de Economia,Decremento,Alteração de economias,Pequeno comércio,3 P. COMERCIO,2 P. COMERCIO,,,
154,2026-04-22 10:10:00,2026-04-22 10:23:00,Assistente 3,5006146,CADASTRO,Alteração de Economia,Decremento,Alteração de economias,Residencial,3 RESIDENCIAL,2 RESIDENCIAL,,,
155,2026-04-05 14:50:00,2026-04-05 14:53:00,Assistente 1,5001218,CADASTRO,Alteração de Economia,Incremento,Alteração de economias,Social,1 SOCIAL,3 SOCIAL,,,
156,2026-04-13 10:12:00,2026-04-13 10:28:00,Assistente 2,5005999,CADASTRO,Alteração de Categoria,,Alteração de categoria,Pequeno comércio,,,Pequeno comércio,Pública,2
157,2026-04-03 14:20:00,2026-04-03 14:37:00,Assistente 2,5001008,CADASTRO,Alteração de Categoria,,Alteração de categoria,Industrial,,,Industrial,Pública,1
158,2026-04-01 17:45:00,2026-04-01 17:53:00,Assistente 4,5008113,CADASTRO,Alteração de Categoria,,Alteração de categoria,Pequeno comércio,,,Pequeno comércio,Social,1
159,2026-04-05 12:20:00,2026-04-05 12:22:00,Assistente 1,5003633,CADASTRO,Alteração de Categoria,,Alteração de categoria,Industrial,,,Industrial,Social,1
160,2026-04-16 15:55:00,2026-04-16 16:10:00,Assistente 5,5004949,CADASTRO,Sem Tratativa,,Encerrado sem tratativa,,,,,,
161,2026-04-02 11:56:00,2026-04-02 12:13:00,Assistente 3,5004256,CADASTRO,Alteração de Economia,Incremento,Alteração de economias,Residencial,1 RESIDENCIAL,2 RESIDENCIAL,,,
162,2026-04-19 13:45:00,2026-04-19 14:02:00,Assistente 4,5003507,CADASTRO,Alteração de Categoria,,Alteração de categoria,Pequeno comércio,,,Pequeno comércio,Social,1
163,2026-04-23 17:53:00,2026-04-23 17:56:00,Assistente 3,5006748,CADASTRO,Alteração de Economia,Incremento,Alteração de economias,Pequeno comércio,2 P. COMERCIO,4 P. COMERCIO,,,
164,2026-04-27 09:37:00,2026-04-27 09:46:00,Assistente 4,5004830,CADASTRO,Alteração de Economia,Incremento,Alteração de economias,Pública,3 PUBLICA,6 PUBLICA,,,
165,2026-04-16 16:52:00,2026-04-16 17:06:00,Assistente 2,5001925,CADASTRO,Sem Tratativa,,Encerrado sem tratativa,,,,,,
166,2026-04-23 09:58:00,2026-04-23 10:18:00,Assistente 2,5001645,CADASTRO,Alteração de Categoria,,Alteração de categoria,Pública,,,Pública,Residencial,2
167,2026-04-10 13:37:00,2026-04-10 13:47:00,Assistente 5,5001883,CADASTRO,Alteração de Categoria,,Alteração de categoria,Pública,,,Pública,Social,1
168,2026-04-05 10:29:00,2026-04-05 10:41:00,Assistente 1,5003682,CADASTRO,Sem Tratativa,,Encerrado sem tratativa,,,,,,
169,2026-04-25 12:45:00,2026-04-25 13:05:00,Assistente 4,5006055,CADASTRO,Sem Tratativa,,Encerrado sem tratativa,,,,,,
170,2026-04-09 11:10:00,2026-04-09 11:18:00,Assistente 5,5001274,CADASTRO,Sem Tratativa,,Encerrado sem tratativa,,,,,,
171,2026-04-05 09:06:00,2026-04-05 09:25:00,Assistente 2,5004851,CADASTRO,Alteração de Economia,Decremento,Alteração de economias,Industrial,2 INDUSTRIAL,1 INDUSTRIAL,,,
172,2026-04-25 14:07:00,2026-04-25 14:11:00,Assistente 1,5003745,CADASTRO,Alteração de Categoria,,Alteração de categoria,Residencial,,,Residencial,Comercial,1
173,2026-04-10 15:16:00,2026-04-10 15:32:00,Assistente 3,5002891,CADASTRO,Alteração de Economia,Incremento,Alteração de economias,Residencial,1 RESIDENCIAL,4 RESIDENCIAL,,,
174,2026-04-16 15:45:00,2026-04-16 15:58:00,Assistente 4,5004403,CADASTRO,Alteração de Categoria e Economia,,Alteração de categoria,Pequeno comércio,,,Pequeno comércio,Industrial,1
175,2026-04-01 16:03:00,2026-04-01 16:06:00,Assistente 2,5002856,CADASTRO,Alteração de Economia,Incremento,Alteração de economias,Social,3 SOCIAL,4 SOCIAL,,,
176,2026-04-02 14:13:00,2026-04-02 14:23:00,Assistente 4,5007154,CADASTRO,Alteração de Economia,Incremento,Alteração de economias,Pequeno comércio,2 P. COMERCIO,4 P. COMERCIO,,,
177,2026-04-06 16:28:00,2026-04-06 16:45:00,Assistente 2,5000518,CADASTRO,Alteração de Categoria,,Alteração de categoria,Social,,,Social,Comercial,1
178,2026-04-13 09:14:00,2026-04-13 09:33:00,Assistente 1,5003766,CADASTRO,Alteração de Categoria,,Alteração de categoria,Social,,,Social,Comercial,2
179,2026-04-26 07:58:00,2026-04-26 08:02:00,Assistente 2,5001183,CADASTRO,Alteração de Economia,Incremento,Alteração de economias,Social,3 SOCIAL,5 SOCIAL,,,
180,2026-04-13 14:01:00,2026-04-13 14:07:00,Assistente 1,5004669,CADASTRO,Sem Tratativa,,Encerrado sem tratativa,,,,,,
181,2026-04-19 11:39:00,2026-04-19 11:45:00,Assistente 5,5001883,CADASTRO,Alteração de Economia,Decremento,Alteração de economias,Pequeno comércio,3 P. COMERCIO,2 P. COMERCIO,,,
182,2026-04-22 07:55:00,2026-04-22 08:05:00,Assistente 4,5005215,CADASTRO,Alteração de Categoria,,Alteração de categoria,Residencial,,,Residencial,Comercial,2
183,2026-04-12 09:56:00,2026-04-12 10:16:00,Assistente 1,5002898,CADASTRO,Alteração de Categoria e Economia,,Alteração de categoria,Industrial,,,Industrial,Residencial,2
184,2026-04-22 09:54:00,2026-04-22 10:02:00,Assistente 2,5004837,CADASTRO,Alteração de Categoria,,Alteração de categoria,Industrial,,,Industrial,Pública,1
185,2026-04-16 09:16:00,2026-04-16 09:24:00,Assistente 2,5008295,CADASTRO,Alteração de Economia,Incremento,Alteração de economias,Residencial,1 RESIDENCIAL,2 RESIDENCIAL,,,
186,2026-04-06 17:11:00,2026-04-06 17:18:00,Assistente 3,5004312,CADASTRO,Alteração de Economia,Incremento,Alteração de economias,Residencial,2 RESIDENCIAL,3 RESIDENCIAL,,,
187,2026-04-04 11:03:00,2026-04-04 11:20:00,Assistente 4,5002191,CADASTRO,Alteração de Economia,Incremento,Alteração de economias,Industrial,3 INDUSTRIAL,4 INDUSTRIAL,,,
188,2026-04-23 13:08:00,2026-04-23 13:28:00,Assistente 5,5005698,CADASTRO,Alteração de Economia,Incremento,Alteração de economias,Social,3 SOCIAL,4 SOCIAL,,,
189,2026-04-07 08:26:00,2026-04-07 08:38:00,Assistente 3,5002051,CADASTRO,Sem Tratativa,,Encerrado sem tratativa,,,,,,
190,2026-04-21 09:45:00,2026-04-21 09:49:00,Assistente 1,5005887,CADASTRO,Alteração de Categoria,,Alteração de categoria,Pública,,,Pública,Comercial,1
191,2026-04-09 07:54:00,2026-04-09 08:06:00,Assistente 4,5006608,CADASTRO,Alteração de Economia,Incremento,Alteração de economias,Pequeno comércio,1 P. COMERCIO,2 P. COMERCIO,,,
192,2026-04-06 09:45:00,2026-04-06 09:50:00,Assistente 4,5007889,CADASTRO,Alteração de Economia,Incremento,Alteração de economias,Residencial,3 RESIDENCIAL,4 RESIDENCIAL,,,
193,2026-04-21 09:27:00,2026-04-21 09:39:00,Assistente 4,5000770,CADASTRO,Alteração de Categoria,,Alteração de categoria,Comercial,,,Comercial,Social,1
194,2026-04-24 17:44:00,2026-04-24 17:55:00,Assistente 2,5004417,CADASTRO,Sem Tratativa,,Encerrado sem tratativa,,,,,,
195,2026-04-03 09:35:00,2026-04-03 09:37:00,Assistente 4,5000350,CADASTRO,Alteração de Economia,Incremento,Alteração de economias,Residencial,3 RESIDENCIAL,4 RESIDENCIAL,,,
196,2026-04-19 17:35:00,2026-04-19 17:41:00,Assistente 1,5004193,CADASTRO,Sem Tratativa,,Encerrado sem tratativa,,,,,,
197,2026-04-25 12:26:00,2026-04-25 12:46:00,Assistente 1,5007504,CADASTRO,Alteração de Economia,Incremento,Alteração de economias,Social,1 SOCIAL,2 SOCIAL,,,
198,2026-04-24 07:44:00,2026-04-24 08:04:00,Assistente 1,5008386,CADASTRO,Alteração de Categoria e Economia,,Alteração de categoria,Social,,,Social,Comercial,1
199,2026-04-21 12:07:00,2026-04-21 12:25:00,Assistente 3,5002219,CADASTRO,Alteração de Economia,Incremento,Alteração de economias,Residencial,1 RESIDENCIAL,3 RESIDENCIAL,,,
200,2026-04-13 11:53:00,2026-04-13 12:06:00,Assistente 2,5004284,CADASTRO,Alteração de Categoria,,Alteração de categoria,Pequeno comércio,,,Pequeno comércio,Residencial,1
201,2026-05-13 13:18:00,2026-05-13 13:24:00,Assistente 1,5000854,CADASTRO,Alteração de Economia,Incremento,Alteração de economias,Residencial,3 RESIDENCIAL,5 RESIDENCIAL,,,
202,2026-05-11 10:45:00,2026-05-11 11:02:00,Assistente 1,5000168,CADASTRO,Alteração de Categoria,,Alteração de categoria,Pública,,,Pública,Residencial,1
203,2026-05-16 17:50:00,2026-05-16 17:55:00,Assistente 1,5001379,CADASTRO,Alteração de Categoria,,Alteração de categoria,Pequeno comércio,,,Pequeno comércio,Residencial,1
204,2026-05-05 12:35:00,2026-05-05 12:47:00,Assistente 5,5008246,CADASTRO,Alteração de Economia,Incremento,Alteração de economias,Pequeno comércio,1 P. COMERCIO,2 P. COMERCIO,,,
205,2026-05-12 10:27:00,2026-05-12 10:36:00,Assistente 1,5002702,CADASTRO,Alteração de Economia,Incremento,Alteração de economias,Comercial,1 COMERCIAL,2 COMERCIAL,,,
206,2026-05-23 10:17:00,2026-05-23 10:27:00,Assistente 3,5000532,CADASTRO,Alteração de Categoria,,Alteração de categoria,Residencial,,,Residencial,Industrial,1
207,2026-05-21 11:22:00,2026-05-21 11:25:00,Assistente 4,5005628,CADASTRO,Alteração de Categoria,,Alteração de categoria,Residencial,,,Residencial,Comercial,1
208,2026-05-20 14:27:00,2026-05-20 14:40:00,Assistente 4,5006979,CADASTRO,Alteração de Categoria,,Alteração de categoria,Social,,,Social,Residencial,1
209,2026-05-14 12:09:00,2026-05-14 12:15:00,Assistente 1,5000574,CADASTRO,Alteração de Categoria,,Alteração de categoria,Pequeno comércio,,,Pequeno comércio,Comercial,1
210,2026-05-27 15:07:00,2026-05-27 15:20:00,Assistente 1,5000833,CADASTRO,Alteração de Economia,Incremento,Alteração de economias,Social,1 SOCIAL,2 SOCIAL,,,
211,2026-05-07 12:13:00,2026-05-07 12:23:00,Assistente 5,5003136,CADASTRO,Alteração de Economia,Decremento,Alteração de economias,Social,3 SOCIAL,2 SOCIAL,,,
212,2026-05-11 08:15:00,2026-05-11 08:31:00,Assistente 4,5002807,CADASTRO,Sem Tratativa,,Encerrado sem tratativa,,,,,,
213,2026-05-09 12:49:00,2026-05-09 12:51:00,Assistente 3,5001757,CADASTRO,Alteração de Economia,Incremento,Alteração de economias,Residencial,1 RESIDENCIAL,2 RESIDENCIAL,,,
214,2026-05-19 14:13:00,2026-05-19 14:17:00,Assistente 1,5002695,CADASTRO,Alteração de Categoria,,Alteração de categoria,Pública,,,Pública,Residencial,1
215,2026-05-06 10:37:00,2026-05-06 10:56:00,Assistente 1,5007567,CADASTRO,Alteração de Categoria,,Alteração de categoria,Pequeno comércio,,,Pequeno comércio,Industrial,1
216,2026-05-13 11:05:00,2026-05-13 11:18:00,Assistente 3,5006174,CADASTRO,Sem Tratativa,,Encerrado sem tratativa,,,,,,
217,2026-05-22 14:20:00,2026-05-22 14:32:00,Assistente 4,5001827,CADASTRO,Alteração de Economia,Incremento,Alteração de economias,Residencial,1 RESIDENCIAL,3 RESIDENCIAL,,,
218,2026-05-26 09:10:00,2026-05-26 09:26:00,Assistente 4,5004858,CADASTRO,Alteração de Economia,Incremento,Alteração de economias,Social,2 SOCIAL,3 SOCIAL,,,
219,2026-05-03 14:54:00,2026-05-03 15:03:00,Assistente 2,5006111,CADASTRO,Alteração de Categoria,,Alteração de categoria,Industrial,,,Industrial,Pequeno comércio,2
220,2026-05-10 16:00:00,2026-05-10 16:08:00,Assistente 4,5006083,CADASTRO,Alteração de Categoria,,Alteração de categoria,Industrial,,,Industrial,Comercial,1
221,2026-05-27 15:08:00,2026-05-27 15:21:00,Assistente 4,5000602,CADASTRO,Alteração de Categoria,,Alteração de categoria,Comercial,,,Comercial,Social,1
222,2026-05-06 11:25:00,2026-05-06 11:31:00,Assistente 5,5005502,CADASTRO,Sem Tratativa,,Encerrado sem tratativa,,,,,,
223,2026-05-03 10:49:00,2026-05-03 11:06:00,Assistente 5,5004487,CADASTRO,Alteração de Categoria,,Alteração de categoria,Residencial,,,Residencial,Pública,1
224,2026-05-09 16:48:00,2026-05-09 17:07:00,Assistente 5,5003836,CADASTRO,Alteração de Categoria,,Alteração de categoria,Social,,,Social,Pública,1
225,2026-05-25 16:13:00,2026-05-25 16:21:00,Assistente 5,5004767,CADASTRO,Alteração de Categoria,,Alteração de categoria,Industrial,,,Industrial,Pública,1
226,2026-05-05 14:31:00,2026-05-05 14:39:00,Assistente 1,5000749,CADASTRO,Alteração de Categoria,,Alteração de categoria,Residencial,,,Residencial,Pública,1
227,2026-05-23 10:12:00,2026-05-23 10:29:00,Assistente 3,5002023,CADASTRO,Alteração de Economia,Incremento,Alteração de economias,Residencial,1 RESIDENCIAL,2 RESIDENCIAL,,,
228,2026-05-09 12:31:00,2026-05-09 12:46:00,Assistente 1,5003353,CADASTRO,Alteração de Economia,Incremento,Alteração de economias,Pequeno comércio,3 P. COMERCIO,6 P. COMERCIO,,,
229,2026-05-24 17:24:00,2026-05-24 17:36:00,Assistente 5,5005474,CADASTRO,Alteração de Economia,Decremento,Alteração de economias,Residencial,4 RESIDENCIAL,3 RESIDENCIAL,,,
230,2026-05-14 10:56:00,2026-05-14 10:59:00,Assistente 3,5004648,CADASTRO,Sem Tratativa,,Encerrado sem tratativa,,,,,,
231,2026-05-18 17:02:00,2026-05-18 17:20:00,Assistente 4,5003822,CADASTRO,Alteração de Categoria,,Alteração de categoria,Comercial,,,Comercial,Pública,2
232,2026-05-04 14:36:00,2026-05-04 14:43:00,Assistente 3,5007504,CADASTRO,Alteração de Categoria,,Alteração de categoria,Pública,,,Pública,Pequeno comércio,1
233,2026-05-25 08:43:00,2026-05-25 08:59:00,Assistente 1,5002933,CADASTRO,Alteração de Economia,Decremento,Alteração de economias,Social,3 SOCIAL,2 SOCIAL,,,
234,2026-05-19 11:05:00,2026-05-19 11:24:00,Assistente 4,5003353,CADASTRO,Alteração de Categoria,,Alteração de categoria,Pública,,,Pública,Pequeno comércio,1
235,2026-05-02 14:14:00,2026-05-02 14:19:00,Assistente 4,5003430,CADASTRO,Alteração de Categoria,,Alteração de categoria,Social,,,Social,Industrial,1
236,2026-05-05 14:35:00,2026-05-05 14:53:00,Assistente 1,5007273,CADASTRO,Alteração de Categoria e Economia,,Alteração de categoria,Residencial,,,Residencial,Comercial,2
237,2026-05-22 11:47:00,2026-05-22 12:04:00,Assistente 1,5001498,CADASTRO,Alteração de Economia,Incremento,Alteração de economias,Residencial,1 RESIDENCIAL,2 RESIDENCIAL,,,
238,2026-05-19 07:46:00,2026-05-19 08:02:00,Assistente 3,5001750,CADASTRO,Alteração de Economia,Incremento,Alteração de economias,Pequeno comércio,3 P. COMERCIO,4 P. COMERCIO,,,
239,2026-05-01 17:00:00,2026-05-01 17:11:00,Assistente 1,5000161,CADASTRO,Alteração de Categoria,,Alteração de categoria,Social,,,Social,Residencial,1
240,2026-05-10 12:41:00,2026-05-10 12:59:00,Assistente 4,5000273,CADASTRO,Alteração de Categoria,,Alteração de categoria,Residencial,,,Residencial,Industrial,2
241,2026-05-15 16:40:00,2026-05-15 16:49:00,Assistente 1,5007483,CADASTRO,Sem Tratativa,,Encerrado sem tratativa,,,,,,
242,2026-05-12 11:42:00,2026-05-12 11:47:00,Assistente 3,5004606,CADASTRO,Alteração de Economia,Incremento,Alteração de economias,Residencial,2 RESIDENCIAL,3 RESIDENCIAL,,,
243,2026-05-10 09:33:00,2026-05-10 09:40:00,Assistente 1,5001393,CADASTRO,Alteração de Categoria,,Alteração de categoria,Social,,,Social,Residencial,1
244,2026-05-11 16:31:00,2026-05-11 16:37:00,Assistente 1,5004039,CADASTRO,Alteração de Economia,Incremento,Alteração de economias,Residencial,2 RESIDENCIAL,5 RESIDENCIAL,,,
245,2026-05-16 17:38:00,2026-05-16 17:40:00,Assistente 1,5001743,CADASTRO,Alteração de Economia,Incremento,Alteração de economias,Residencial,2 RESIDENCIAL,4 RESIDENCIAL,,,
246,2026-05-18 17:09:00,2026-05-18 17:29:00,Assistente 3,5007203,CADASTRO,Alteração de Economia,Decremento,Alteração de economias,Residencial,2 RESIDENCIAL,1 RESIDENCIAL,,,
247,2026-05-26 14:25:00,2026-05-26 14:30:00,Assistente 5,5005964,CADASTRO,Sem Tratativa,,Encerrado sem tratativa,,,,,,
248,2026-05-09 09:25:00,2026-05-09 09:40:00,Assistente 5,5005355,CADASTRO,Alteração de Categoria,,Alteração de categoria,Industrial,,,Industrial,Residencial,2
249,2026-05-09 16:35:00,2026-05-09 16:39:00,Assistente 5,5007007,CADASTRO,Alteração de Categoria e Economia,,Alteração de categoria,Residencial,,,Residencial,Pública,1
250,2026-05-09 14:01:00,2026-05-09 14:20:00,Assistente 4,5004788,CADASTRO,Sem Tratativa,,Encerrado sem tratativa,,,,,,
251,2026-05-10 13:45:00,2026-05-10 14:05:00,Assistente 3,5007161,CADASTRO,Alteração de Economia,Incremento,Alteração de economias,Residencial,1 RESIDENCIAL,2 RESIDENCIAL,,,
252,2026-05-05 15:21:00,2026-05-05 15:33:00,Assistente 2,5007889,CADASTRO,Alteração de Economia,Incremento,Alteração de economias,Residencial,2 RESIDENCIAL,3 RESIDENCIAL,,,
253,2026-05-09 15:06:00,2026-05-09 15:25:00,Assistente 4,5000287,CADASTRO,Alteração de Economia,Incremento,Alteração de economias,Social,1 SOCIAL,2 SOCIAL,,,
254,2026-05-17 14:43:00,2026-05-17 14:47:00,Assistente 2,5003913,CADASTRO,Alteração de Categoria,,Alteração de categoria,Residencial,,,Residencial,Social,2
255,2026-05-09 11:33:00,2026-05-09 11:51:00,Assistente 5,5000448,CADASTRO,Alteração de Economia,Incremento,Alteração de economias,Pequeno comércio,2 P. COMERCIO,3 P. COMERCIO,,,
256,2026-05-14 17:23:00,2026-05-14 17:32:00,Assistente 3,5001624,CADASTRO,Alteração de Categoria,,Alteração de categoria,Comercial,,,Comercial,Pública,1
257,2026-05-19 10:23:00,2026-05-19 10:30:00,Assistente 3,5003346,CADASTRO,Sem Tratativa,,Encerrado sem tratativa,,,,,,
258,2026-05-06 17:34:00,2026-05-06 17:52:00,Assistente 5,5005628,CADASTRO,Sem Tratativa,,Encerrado sem tratativa,,,,,,
259,2026-05-21 16:09:00,2026-05-21 16:26:00,Assistente 1,5003367,CADASTRO,Alteração de Categoria e Economia,,Alteração de categoria,Pequeno comércio,,,Pequeno comércio,Social,2
260,2026-05-02 13:19:00,2026-05-02 13:31:00,Assistente 3,5003934,CADASTRO,Alteração de Economia,Incremento,Alteração de economias,Residencial,3 RESIDENCIAL,4 RESIDENCIAL,,,
261,2026-05-01 15:07:00,2026-05-01 15:14:00,Assistente 5,5002065,CADASTRO,Alteração de Economia,Incremento,Alteração de economias,Residencial,1 RESIDENCIAL,2 RESIDENCIAL,,,
262,2026-05-16 08:45:00,2026-05-16 08:48:00,Assistente 3,5006944,CADASTRO,Sem Tratativa,,Encerrado sem tratativa,,,,,,
263,2026-05-09 15:50:00,2026-05-09 15:55:00,Assistente 5,5006041,CADASTRO,Alteração de Categoria e Economia,,Alteração de categoria,Industrial,,,Industrial,Comercial,1
264,2026-05-01 17:50:00,2026-05-01 17:58:00,Assistente 3,5002506,CADASTRO,Sem Tratativa,,Encerrado sem tratativa,,,,,,
265,2026-05-01 11:49:00,2026-05-01 12:01:00,Assistente 3,5000938,CADASTRO,Alteração de Categoria,,Alteração de categoria,Pública,,,Pública,Comercial,1
266,2026-05-18 12:18:00,2026-05-18 12:26:00,Assistente 1,5002422,CADASTRO,Alteração de Economia,Incremento,Alteração de economias,Residencial,3 RESIDENCIAL,5 RESIDENCIAL,,,
267,2026-05-19 10:20:00,2026-05-19 10:27:00,Assistente 4,5000672,CADASTRO,Alteração de Economia,Incremento,Alteração de economias,Comercial,3 COMERCIAL,4 COMERCIAL,,,
268,2026-05-09 14:36:00,2026-05-09 14:49:00,Assistente 1,5002422,CADASTRO,Alteração de Categoria,,Alteração de categoria,Industrial,,,Industrial,Comercial,2
269,2026-05-20 08:29:00,2026-05-20 08:33:00,Assistente 4,5003227,CADASTRO,Sem Tratativa,,Encerrado sem tratativa,,,,,,
270,2026-05-06 09:22:00,2026-05-06 09:32:00,Assistente 1,5004893,CADASTRO,Sem Tratativa,,Encerrado sem tratativa,,,,,,
271,2026-05-11 12:17:00,2026-05-11 12:32:00,Assistente 1,5007672,CADASTRO,Alteração de Economia,Incremento,Alteração de economias,Pública,3 PUBLICA,4 PUBLICA,,,
272,2026-05-24 10:43:00,2026-05-24 10:50:00,Assistente 2,5002681,CADASTRO,Sem Tratativa,,Encerrado sem tratativa,,,,,,
273,2026-05-09 13:41:00,2026-05-09 13:56:00,Assistente 3,5000042,CADASTRO,Alteração de Economia,Decremento,Alteração de economias,Residencial,3 RESIDENCIAL,2 RESIDENCIAL,,,
274,2026-05-10 10:11:00,2026-05-10 10:20:00,Assistente 1,5002464,CADASTRO,Alteração de Economia,Incremento,Alteração de economias,Pública,3 PUBLICA,4 PUBLICA,,,
275,2026-05-21 08:49:00,2026-05-21 09:09:00,Assistente 3,5003045,CADASTRO,Alteração de Economia,Incremento,Alteração de economias,Residencial,2 RESIDENCIAL,3 RESIDENCIAL,,,
276,2026-05-11 14:13:00,2026-05-11 14:21:00,Assistente 2,5007609,CADASTRO,Sem Tratativa,,Encerrado sem tratativa,,,,,,
277,2026-05-07 10:23:00,2026-05-07 10:32:00,Assistente 4,5006818,CADASTRO,Alteração de Economia,Decremento,Alteração de economias,Pública,3 PUBLICA,2 PUBLICA,,,
278,2026-05-02 09:04:00,2026-05-02 09:11:00,Assistente 5,5002093,CADASTRO,Alteração de Economia,Incremento,Alteração de economias,Pequeno comércio,2 P. COMERCIO,5 P. COMERCIO,,,
279,2026-05-18 08:21:00,2026-05-18 08:29:00,Assistente 1,5003647,CADASTRO,Sem Tratativa,,Encerrado sem tratativa,,,,,,
280,2026-05-25 13:01:00,2026-05-25 13:10:00,Assistente 5,5000560,CADASTRO,Alteração de Categoria e Economia,,Alteração de categoria,Social,,,Social,Industrial,1
281,2026-05-11 12:08:00,2026-05-11 12:28:00,Assistente 1,5007819,CADASTRO,Alteração de Economia,Decremento,Alteração de economias,Residencial,2 RESIDENCIAL,1 RESIDENCIAL,,,
282,2026-05-18 11:18:00,2026-05-18 11:38:00,Assistente 1,5007280,CADASTRO,Sem Tratativa,,Encerrado sem tratativa,,,,,,
283,2026-05-04 14:08:00,2026-05-04 14:19:00,Assistente 1,5003059,CADASTRO,Sem Tratativa,,Encerrado sem tratativa,,,,,,
284,2026-05-01 15:14:00,2026-05-01 15:27:00,Assistente 2,5005565,CADASTRO,Alteração de Economia,Incremento,Alteração de economias,Residencial,3 RESIDENCIAL,6 RESIDENCIAL,,,
285,2026-05-19 14:52:00,2026-05-19 14:56:00,Assistente 4,5007924,CADASTRO,Alteração de Economia,Incremento,Alteração de economias,Pequeno comércio,2 P. COMERCIO,3 P. COMERCIO,,,
286,2026-05-20 12:21:00,2026-05-20 12:24:00,Assistente 4,5005292,CADASTRO,Alteração de Economia,Incremento,Alteração de economias,Residencial,1 RESIDENCIAL,3 RESIDENCIAL,,,
287,2026-05-07 13:10:00,2026-05-07 13:15:00,Assistente 4,5001358,CADASTRO,Alteração de Categoria e Economia,,Alteração de categoria,Social,,,Social,Industrial,1
288,2026-05-02 13:54:00,2026-05-02 14:01:00,Assistente 1,5003136,CADASTRO,Alteração de Economia,Incremento,Alteração de economias,Residencial,2 RESIDENCIAL,3 RESIDENCIAL,,,
289,2026-05-09 17:42:00,2026-05-09 17:53:00,Assistente 3,5008267,CADASTRO,Alteração de Categoria e Economia,,Alteração de categoria,Pública,,,Pública,Pequeno comércio,1
290,2026-05-14 12:20:00,2026-05-14 12:28:00,Assistente 2,5000147,CADASTRO,Sem Tratativa,,Encerrado sem tratativa,,,,,,
291,2026-05-13 17:46:00,2026-05-13 17:56:00,Assistente 2,5002366,CADASTRO,Alteração de Categoria,,Alteração de categoria,Industrial,,,Industrial,Social,2
292,2026-05-11 11:29:00,2026-05-11 11:31:00,Assistente 3,5000154,CADASTRO,Alteração de Economia,Incremento,Alteração de economias,Pequeno comércio,1 P. COMERCIO,2 P. COMERCIO,,,
293,2026-05-04 11:31:00,2026-05-04 11:36:00,Assistente 3,5001442,CADASTRO,Alteração de Economia,Incremento,Alteração de economias,Residencial,3 RESIDENCIAL,4 RESIDENCIAL,,,
294,2026-05-02 09:30:00,2026-05-02 09:47:00,Assistente 5,5003409,CADASTRO,Alteração de Categoria,,Alteração de categoria,Pequeno comércio,,,Pequeno comércio,Comercial,2
295,2026-05-18 15:45:00,2026-05-18 15:59:00,Assistente 3,5007756,CADASTRO,Alteração de Categoria,,Alteração de categoria,Residencial,,,Residencial,Pequeno comércio,1
296,2026-06-08 12:08:00,2026-06-08 12:10:00,Assistente 4,5006272,CADASTRO,Sem Tratativa,,Encerrado sem tratativa,,,,,,
297,2026-06-26 17:11:00,2026-06-26 17:16:00,Assistente 4,5005019,CADASTRO,Alteração de Economia,Decremento,Alteração de economias,Residencial,3 RESIDENCIAL,2 RESIDENCIAL,,,
298,2026-06-09 15:10:00,2026-06-09 15:25:00,Assistente 4,5006286,CADASTRO,Alteração de Economia,Decremento,Alteração de economias,Residencial,3 RESIDENCIAL,2 RESIDENCIAL,,,
299,2026-06-17 16:05:00,2026-06-17 16:07:00,Assistente 2,5002919,CADASTRO,Alteração de Categoria,,Alteração de categoria,Comercial,,,Comercial,Social,1
300,2026-06-21 16:26:00,2026-06-21 16:41:00,Assistente 2,5005369,CADASTRO,Sem Tratativa,,Encerrado sem tratativa,,,,,,
301,2026-06-10 14:06:00,2026-06-10 14:16:00,Assistente 2,5002905,CADASTRO,Sem Tratativa,,Encerrado sem tratativa,,,,,,
302,2026-06-19 12:37:00,2026-06-19 12:46:00,Assistente 1,5003514,CADASTRO,Alteração de Economia,Incremento,Alteração de economias,Comercial,2 COMERCIAL,3 COMERCIAL,,,
303,2026-06-27 15:02:00,2026-06-27 15:15:00,Assistente 4,5002289,CADASTRO,Alteração de Economia,Incremento,Alteração de economias,Comercial,1 COMERCIAL,2 COMERCIAL,,,
304,2026-06-21 11:17:00,2026-06-21 11:24:00,Assistente 4,5000021,CADASTRO,Sem Tratativa,,Encerrado sem tratativa,,,,,,
305,2026-06-25 08:33:00,2026-06-25 08:44:00,Assistente 4,5001043,CADASTRO,Alteração de Categoria,,Alteração de categoria,Pública,,,Pública,Industrial,1
306,2026-06-03 13:14:00,2026-06-03 13:22:00,Assistente 4,5002863,CADASTRO,Alteração de Economia,Decremento,Alteração de economias,Comercial,3 COMERCIAL,2 COMERCIAL,,,
307,2026-06-10 08:14:00,2026-06-10 08:33:00,Assistente 4,5002443,CADASTRO,Sem Tratativa,,Encerrado sem tratativa,,,,,,
308,2026-06-22 13:39:00,2026-06-22 13:50:00,Assistente 4,5006804,CADASTRO,Alteração de Categoria,,Alteração de categoria,Comercial,,,Comercial,Pequeno comércio,1
309,2026-06-13 10:04:00,2026-06-13 10:09:00,Assistente 1,5002282,CADASTRO,Sem Tratativa,,Encerrado sem tratativa,,,,,,
310,2026-06-25 17:31:00,2026-06-25 17:49:00,Assistente 3,5007707,CADASTRO,Sem Tratativa,,Encerrado sem tratativa,,,,,,
311,2026-06-17 17:42:00,2026-06-17 17:55:00,Assistente 1,5000336,CADASTRO,Alteração de Categoria,,Alteração de categoria,Comercial,,,Comercial,Industrial,1
312,2026-06-26 16:57:00,2026-06-26 17:16:00,Assistente 5,5003430,CADASTRO,Alteração de Categoria,,Alteração de categoria,Social,,,Social,Pública,1
313,2026-06-14 12:57:00,2026-06-14 13:09:00,Assistente 5,5002884,CADASTRO,Alteração de Economia,Incremento,Alteração de economias,Pequeno comércio,2 P. COMERCIO,3 P. COMERCIO,,,
314,2026-06-03 16:33:00,2026-06-03 16:44:00,Assistente 4,5005481,CADASTRO,Alteração de Categoria,,Alteração de categoria,Pública,,,Pública,Industrial,1
315,2026-06-19 09:03:00,2026-06-19 09:21:00,Assistente 5,5001155,CADASTRO,Alteração de Categoria,,Alteração de categoria,Residencial,,,Residencial,Industrial,2
316,2026-06-08 15:25:00,2026-06-08 15:42:00,Assistente 1,5001302,CADASTRO,Alteração de Categoria e Economia,,Alteração de categoria,Industrial,,,Industrial,Social,2
317,2026-06-27 12:49:00,2026-06-27 12:58:00,Assistente 2,5005250,CADASTRO,Sem Tratativa,,Encerrado sem tratativa,,,,,,
318,2026-06-12 13:26:00,2026-06-12 13:41:00,Assistente 2,5000077,CADASTRO,Alteração de Categoria,,Alteração de categoria,Pequeno comércio,,,Pequeno comércio,Comercial,1
319,2026-06-15 12:14:00,2026-06-15 12:20:00,Assistente 4,5000791,CADASTRO,Alteração de Economia,Incremento,Alteração de economias,Pequeno comércio,1 P. COMERCIO,2 P. COMERCIO,,,
320,2026-06-18 11:22:00,2026-06-18 11:34:00,Assistente 1,5004599,CADASTRO,Alteração de Economia,Incremento,Alteração de economias,Pequeno comércio,3 P. COMERCIO,4 P. COMERCIO,,,
321,2026-06-17 14:03:00,2026-06-17 14:17:00,Assistente 3,5002359,CADASTRO,Sem Tratativa,,Encerrado sem tratativa,,,,,,
322,2026-06-18 17:48:00,2026-06-18 17:59:00,Assistente 2,5008309,CADASTRO,Sem Tratativa,,Encerrado sem tratativa,,,,,,
323,2026-06-18 15:05:00,2026-06-18 15:14:00,Assistente 5,5002695,CADASTRO,Alteração de Categoria,,Alteração de categoria,Comercial,,,Comercial,Residencial,1
324,2026-06-20 10:43:00,2026-06-20 10:46:00,Assistente 1,5002205,CADASTRO,Alteração de Categoria,,Alteração de categoria,Pequeno comércio,,,Pequeno comércio,Industrial,1
325,2026-06-10 15:20:00,2026-06-10 15:33:00,Assistente 1,5004200,CADASTRO,Alteração de Economia,Incremento,Alteração de economias,Pequeno comércio,1 P. COMERCIO,3 P. COMERCIO,,,
326,2026-06-15 16:03:00,2026-06-15 16:23:00,Assistente 4,5003549,CADASTRO,Alteração de Categoria e Economia,,Alteração de categoria,Comercial,,,Comercial,Pequeno comércio,1
327,2026-06-26 08:37:00,2026-06-26 08:42:00,Assistente 4,5001771,CADASTRO,Alteração de Categoria,,Alteração de categoria,Industrial,,,Industrial,Social,2
328,2026-06-17 11:44:00,2026-06-17 11:57:00,Assistente 1,5004459,CADASTRO,Alteração de Economia,Incremento,Alteração de economias,Residencial,3 RESIDENCIAL,5 RESIDENCIAL,,,
329,2026-06-05 12:58:00,2026-06-05 13:08:00,Assistente 1,5005992,CADASTRO,Alteração de Categoria,,Alteração de categoria,Pequeno comércio,,,Pequeno comércio,Comercial,1
330,2026-06-16 12:27:00,2026-06-16 12:46:00,Assistente 3,5004774,CADASTRO,Alteração de Economia,Incremento,Alteração de economias,Residencial,2 RESIDENCIAL,5 RESIDENCIAL,,,
331,2026-06-17 09:01:00,2026-06-17 09:12:00,Assistente 1,5007049,CADASTRO,Alteração de Economia,Incremento,Alteração de economias,Pequeno comércio,1 P. COMERCIO,3 P. COMERCIO,,,
332,2026-06-25 10:09:00,2026-06-25 10:18:00,Assistente 2,5006972,CADASTRO,Alteração de Categoria e Economia,,Alteração de categoria,Residencial,,,Residencial,Comercial,1
333,2026-06-15 14:43:00,2026-06-15 14:52:00,Assistente 2,5006713,CADASTRO,Alteração de Economia,Decremento,Alteração de economias,Residencial,3 RESIDENCIAL,2 RESIDENCIAL,,,
334,2026-06-18 17:28:00,2026-06-18 17:30:00,Assistente 2,5007791,CADASTRO,Alteração de Economia,Decremento,Alteração de economias,Social,3 SOCIAL,2 SOCIAL,,,
335,2026-06-24 09:07:00,2026-06-24 09:13:00,Assistente 3,5007273,CADASTRO,Alteração de Economia,Incremento,Alteração de economias,Pública,2 PUBLICA,3 PUBLICA,,,
336,2026-06-21 15:25:00,2026-06-21 15:33:00,Assistente 3,5001883,CADASTRO,Alteração de Economia,Decremento,Alteração de economias,Residencial,3 RESIDENCIAL,2 RESIDENCIAL,,,
337,2026-06-14 16:49:00,2026-06-14 16:56:00,Assistente 4,5007231,CADASTRO,Alteração de Categoria,,Alteração de categoria,Social,,,Social,Pública,1
338,2026-06-08 14:56:00,2026-06-08 15:13:00,Assistente 3,5000280,CADASTRO,Alteração de Categoria e Economia,,Alteração de categoria,Comercial,,,Comercial,Social,1
339,2026-06-21 12:53:00,2026-06-21 12:56:00,Assistente 4,5004004,CADASTRO,Alteração de Economia,Incremento,Alteração de economias,Residencial,2 RESIDENCIAL,3 RESIDENCIAL,,,
340,2026-06-03 13:47:00,2026-06-03 13:49:00,Assistente 3,5000189,CADASTRO,Alteração de Economia,Incremento,Alteração de economias,Social,2 SOCIAL,3 SOCIAL,,,
341,2026-06-24 15:14:00,2026-06-24 15:26:00,Assistente 5,5000525,CADASTRO,Sem Tratativa,,Encerrado sem tratativa,,,,,,
342,2026-06-09 12:25:00,2026-06-09 12:36:00,Assistente 2,5004914,CADASTRO,Alteração de Economia,Decremento,Alteração de economias,Social,4 SOCIAL,3 SOCIAL,,,
343,2026-06-25 14:29:00,2026-06-25 14:39:00,Assistente 1,5005971,CADASTRO,Alteração de Categoria e Economia,,Alteração de categoria,Comercial,,,Comercial,Pequeno comércio,1
344,2026-06-19 14:00:00,2026-06-19 14:19:00,Assistente 5,5002044,CADASTRO,Alteração de Categoria,,Alteração de categoria,Pública,,,Pública,Pequeno comércio,1
345,2026-06-17 12:36:00,2026-06-17 12:53:00,Assistente 1,5002247,CADASTRO,Sem Tratativa,,Encerrado sem tratativa,,,,,,
346,2026-06-14 13:10:00,2026-06-14 13:19:00,Assistente 2,5003738,CADASTRO,Alteração de Economia,Decremento,Alteração de economias,Residencial,3 RESIDENCIAL,2 RESIDENCIAL,,,
347,2026-06-16 13:53:00,2026-06-16 14:03:00,Assistente 5,5005432,CADASTRO,Alteração de Economia,Incremento,Alteração de economias,Industrial,3 INDUSTRIAL,5 INDUSTRIAL,,,
348,2026-06-15 12:54:00,2026-06-15 13:07:00,Assistente 1,5008190,CADASTRO,Alteração de Categoria,,Alteração de categoria,Pequeno comércio,,,Pequeno comércio,Social,1
349,2026-06-16 15:20:00,2026-06-16 15:33:00,Assistente 5,5003206,CADASTRO,Alteração de Economia,Incremento,Alteração de economias,Pequeno comércio,2 P. COMERCIO,5 P. COMERCIO,,,
350,2026-06-12 09:23:00,2026-06-12 09:42:00,Assistente 2,5004998,CADASTRO,Alteração de Economia,Incremento,Alteração de economias,Residencial,1 RESIDENCIAL,2 RESIDENCIAL,,,
351,2026-06-17 15:07:00,2026-06-17 15:15:00,Assistente 3,5005012,CADASTRO,Sem Tratativa,,Encerrado sem tratativa,,,,,,
352,2026-06-10 11:01:00,2026-06-10 11:07:00,Assistente 3,5004753,CADASTRO,Alteração de Categoria,,Alteração de categoria,Industrial,,,Industrial,Residencial,1
353,2026-06-05 17:14:00,2026-06-05 17:31:00,Assistente 4,5008323,CADASTRO,Alteração de Categoria,,Alteração de categoria,Social,,,Social,Pequeno comércio,1
354,2026-06-23 13:02:00,2026-06-23 13:18:00,Assistente 2,5002331,CADASTRO,Alteração de Categoria,,Alteração de categoria,Social,,,Social,Pequeno comércio,1
355,2026-06-03 16:10:00,2026-06-03 16:28:00,Assistente 4,5000315,CADASTRO,Alteração de Economia,Incremento,Alteração de economias,Residencial,2 RESIDENCIAL,3 RESIDENCIAL,,,
356,2026-06-05 17:29:00,2026-06-05 17:37:00,Assistente 2,5004578,CADASTRO,Alteração de Economia,Incremento,Alteração de economias,Comercial,3 COMERCIAL,5 COMERCIAL,,,
357,2026-06-10 13:30:00,2026-06-10 13:44:00,Assistente 3,5000371,CADASTRO,Alteração de Economia,Incremento,Alteração de economias,Comercial,1 COMERCIAL,4 COMERCIAL,,,
358,2026-06-16 14:19:00,2026-06-16 14:38:00,Assistente 1,5001617,CADASTRO,Alteração de Categoria,,Alteração de categoria,Pública,,,Pública,Residencial,2
359,2026-06-20 17:09:00,2026-06-20 17:13:00,Assistente 3,5003374,CADASTRO,Alteração de Economia,Incremento,Alteração de economias,Residencial,1 RESIDENCIAL,2 RESIDENCIAL,,,
360,2026-06-27 14:49:00,2026-06-27 15:06:00,Assistente 5,5005936,CADASTRO,Alteração de Economia,Decremento,Alteração de economias,Social,3 SOCIAL,2 SOCIAL,,,
361,2026-06-04 07:49:00,2026-06-04 08:03:00,Assistente 4,5002646,CADASTRO,Sem Tratativa,,Encerrado sem tratativa,,,,,,
362,2026-06-07 11:42:00,2026-06-07 11:53:00,Assistente 3,5004865,CADASTRO,Alteração de Economia,Incremento,Alteração de economias,Residencial,2 RESIDENCIAL,3 RESIDENCIAL,,,
363,2026-06-02 10:55:00,2026-06-02 11:01:00,Assistente 2,5001953,CADASTRO,Alteração de Economia,Decremento,Alteração de economias,Comercial,4 COMERCIAL,3 COMERCIAL,,,
364,2026-06-15 11:44:00,2026-06-15 12:01:00,Assistente 3,5000224,CADASTRO,Alteração de Categoria,,Alteração de categoria,Pública,,,Pública,Pequeno comércio,1
365,2026-06-18 13:38:00,2026-06-18 13:54:00,Assistente 2,5002940,CADASTRO,Alteração de Categoria e Economia,,Alteração de categoria,Comercial,,,Comercial,Pública,1
366,2026-06-20 14:57:00,2026-06-20 14:59:00,Assistente 1,5002779,CADASTRO,Alteração de Economia,Incremento,Alteração de economias,Residencial,2 RESIDENCIAL,4 RESIDENCIAL,,,
367,2026-06-13 13:09:00,2026-06-13 13:27:00,Assistente 5,5005222,CADASTRO,Alteração de Economia,Incremento,Alteração de economias,Comercial,3 COMERCIAL,5 COMERCIAL,,,
368,2026-06-16 15:30:00,2026-06-16 15:32:00,Assistente 3,5006559,CADASTRO,Alteração de Categoria,,Alteração de categoria,Social,,,Social,Residencial,1
369,2026-06-07 12:18:00,2026-06-07 12:38:00,Assistente 4,5006167,CADASTRO,Alteração de Categoria,,Alteração de categoria,Comercial,,,Comercial,Social,1
370,2026-06-12 09:18:00,2026-06-12 09:30:00,Assistente 1,5006706,CADASTRO,Sem Tratativa,,Encerrado sem tratativa,,,,,,
371,2026-06-15 09:53:00,2026-06-15 10:07:00,Assistente 2,5004165,CADASTRO,Alteração de Economia,Incremento,Alteração de economias,Residencial,3 RESIDENCIAL,5 RESIDENCIAL,,,
372,2026-06-15 12:13:00,2026-06-15 12:21:00,Assistente 4,5000462,CADASTRO,Alteração de Categoria,,Alteração de categoria,Pequeno comércio,,,Pequeno comércio,Pública,1
373,2026-06-02 12:24:00,2026-06-02 12:31:00,Assistente 5,5000910,CADASTRO,Alteração de Categoria,,Alteração de categoria,Pequeno comércio,,,Pequeno comércio,Residencial,2
374,2026-06-05 12:26:00,2026-06-05 12:40:00,Assistente 2,5006524,CADASTRO,Sem Tratativa,,Encerrado sem tratativa,,,,,,
375,2026-06-16 11:10:00,2026-06-16 11:28:00,Assistente 3,5003087,CADASTRO,Alteração de Economia,Incremento,Alteração de economias,Industrial,2 INDUSTRIAL,4 INDUSTRIAL,,,
376,2026-06-05 08:30:00,2026-06-05 08:37:00,Assistente 2,5006090,CADASTRO,Alteração de Categoria,,Alteração de categoria,Residencial,,,Residencial,Pública,1
377,2026-06-03 15:39:00,2026-06-03 15:42:00,Assistente 3,5002891,CADASTRO,Alteração de Economia,Decremento,Alteração de economias,Residencial,2 RESIDENCIAL,1 RESIDENCIAL,,,
378,2026-06-17 09:42:00,2026-06-17 10:01:00,Assistente 1,5001029,CADASTRO,Alteração de Categoria,,Alteração de categoria,Residencial,,,Residencial,Comercial,1
379,2026-06-01 14:34:00,2026-06-01 14:47:00,Assistente 2,5000385,CADASTRO,Sem Tratativa,,Encerrado sem tratativa,,,,,,
380,2026-06-05 15:42:00,2026-06-05 16:00:00,Assistente 5,5005558,CADASTRO,Alteração de Economia,Incremento,Alteração de economias,Residencial,2 RESIDENCIAL,3 RESIDENCIAL,,,
381,2026-06-13 11:39:00,2026-06-13 11:51:00,Assistente 2,5003451,CADASTRO,Alteração de Economia,Incremento,Alteração de economias,Comercial,2 COMERCIAL,5 COMERCIAL,,,
382,2026-06-18 11:46:00,2026-06-18 12:03:00,Assistente 2,5007126,CADASTRO,Alteração de Economia,Incremento,Alteração de economias,Residencial,1 RESIDENCIAL,3 RESIDENCIAL,,,
383,2026-06-14 14:16:00,2026-06-14 14:29:00,Assistente 2,5005278,CADASTRO,Alteração de Categoria,,Alteração de categoria,Pequeno comércio,,,Pequeno comércio,Residencial,2
384,2026-06-09 08:53:00,2026-06-09 09:05:00,Assistente 4,5006993,CADASTRO,Sem Tratativa,,Encerrado sem tratativa,,,,,,
385,2026-06-08 08:54:00,2026-06-08 09:07:00,Assistente 3,5001407,CADASTRO,Alteração de Economia,Incremento,Alteração de economias,Social,1 SOCIAL,4 SOCIAL,,,
386,2026-06-09 14:12:00,2026-06-09 14:21:00,Assistente 2,5007756,CADASTRO,Alteração de Categoria e Economia,,Alteração de categoria,Industrial,,,Industrial,Social,1
387,2026-06-16 15:13:00,2026-06-16 15:30:00,Assistente 2,5007973,CADASTRO,Alteração de Categoria,,Alteração de categoria,Comercial,,,Comercial,Residencial,1
388,2026-06-11 11:04:00,2026-06-11 11:16:00,Assistente 3,5006496,CADASTRO,Alteração de Economia,Incremento,Alteração de economias,Residencial,3 RESIDENCIAL,4 RESIDENCIAL,,,
389,2026-06-06 13:30:00,2026-06-06 13:46:00,Assistente 2,5005376,CADASTRO,Alteração de Economia,Incremento,Alteração de economias,Social,2 SOCIAL,3 SOCIAL,,,
390,2026-06-27 09:59:00,2026-06-27 10:05:00,Assistente 1,5007581,CADASTRO,Alteração de Economia,Incremento,Alteração de economias,Pequeno comércio,1 P. COMERCIO,2 P. COMERCIO,,,
391,2026-06-25 10:59:00,2026-06-25 11:08:00,Assistente 1,5005425,CADASTRO,Alteração de Categoria,,Alteração de categoria,Residencial,,,Residencial,Pequeno comércio,1
392,2026-06-26 07:47:00,2026-06-26 08:06:00,Assistente 4,5007770,CADASTRO,Sem Tratativa,,Encerrado sem tratativa,,,,,,
393,2026-06-19 14:54:00,2026-06-19 15:01:00,Assistente 5,5003969,CADASTRO,Alteração de Economia,Incremento,Alteração de economias,Social,2 SOCIAL,5 SOCIAL,,,
394,2026-06-06 11:27:00,2026-06-06 11:46:00,Assistente 5,5007294,CADASTRO,Alteração de Categoria,,Alteração de categoria,Pequeno comércio,,,Pequeno comércio,Pública,1
395,2026-06-02 13:57:00,2026-06-02 14:01:00,Assistente 4,5003969,CADASTRO,Alteração de Categoria,,Alteração de categoria,Pequeno comércio,,,Pequeno comércio,Comercial,2
396,2026-06-20 07:50:00,2026-06-20 08:03:00,Assistente 5,5002044,CADASTRO,Sem Tratativa,,Encerrado sem tratativa,,,,,,
397,2026-06-14 13:26:00,2026-06-14 13:28:00,Assistente 5,5005285,CADASTRO,Alteração de Economia,Incremento,Alteração de economias,Residencial,3 RESIDENCIAL,4 RESIDENCIAL,,,
398,2026-06-25 09:33:00,2026-06-25 09:45:00,Assistente 2,5006503,CADASTRO,Alteração de Economia,Incremento,Alteração de economias,Pequeno comércio,3 P. COMERCIO,4 P. COMERCIO,,,
399,2026-06-16 08:55:00,2026-06-16 09:02:00,Assistente 2,5003374,CADASTRO,Alteração de Economia,Incremento,Alteração de economias,Industrial,1 INDUSTRIAL,2 INDUSTRIAL,,,
400,2026-06-14 14:06:00,2026-06-14 14:16:00,Assistente 4,5002513,CADASTRO,Alteração de Categoria,,Alteração de categoria,Residencial,,,Residencial,Comercial,1
401,2026-06-13 08:32:00,2026-06-13 08:34:00,Assistente 3,5000917,CADASTRO,Sem Tratativa,,Encerrado sem tratativa,,,,,,
402,2026-06-19 10:56:00,2026-06-19 11:08:00,Assistente 5,5001974,CADASTRO,Alteração de Categoria e Economia,,Alteração de categoria,Social,,,Social,Industrial,1
403,2026-06-16 16:03:00,2026-06-16 16:14:00,Assistente 2,5005005,CADASTRO,Sem Tratativa,,Encerrado sem tratativa,,,,,,
404,2026-06-13 15:39:00,2026-06-13 15:55:00,Assistente 4,5008218,CADASTRO,Alteração de Economia,Decremento,Alteração de economias,Residencial,4 RESIDENCIAL,3 RESIDENCIAL,,,
405,2026-06-11 08:38:00,2026-06-11 08:46:00,Assistente 3,5000896,CADASTRO,Sem Tratativa,,Encerrado sem tratativa,,,,,,
406,2026-06-22 09:44:00,2026-06-22 09:46:00,Assistente 5,5008365,CADASTRO,Alteração de Economia,Decremento,Alteração de economias,Comercial,4 COMERCIAL,3 COMERCIAL,,,
407,2026-06-26 08:54:00,2026-06-26 09:06:00,Assistente 5,5005229,CADASTRO,Alteração de Categoria,,Alteração de categoria,Residencial,,,Residencial,Social,1
408,2026-06-12 10:26:00,2026-06-12 10:29:00,Assistente 3,5000497,CADASTRO,Alteração de Economia,Incremento,Alteração de economias,Social,3 SOCIAL,4 SOCIAL,,,
409,2026-06-09 17:47:00,2026-06-09 17:59:00,Assistente 3,5001589,CADASTRO,Alteração de Economia,Incremento,Alteração de economias,Comercial,1 COMERCIAL,2 COMERCIAL,,,
410,2026-06-09 17:10:00,2026-06-09 17:13:00,Assistente 2,5002751,CADASTRO,Alteração de Economia,Incremento,Alteração de economias,Pequeno comércio,1 P. COMERCIO,2 P. COMERCIO,,,
411,2026-06-17 10:56:00,2026-06-17 11:11:00,Assistente 4,5006419,CADASTRO,Sem Tratativa,,Encerrado sem tratativa,,,,,,
412,2026-06-15 17:22:00,2026-06-15 17:31:00,Assistente 4,5001596,CADASTRO,Alteração de Economia,Incremento,Alteração de economias,Residencial,2 RESIDENCIAL,3 RESIDENCIAL,,,
413,2026-06-04 14:47:00,2026-06-04 15:02:00,Assistente 3,5005509,CADASTRO,Alteração de Categoria,,Alteração de categoria,Social,,,Social,Industrial,1
414,2026-06-11 16:43:00,2026-06-11 16:57:00,Assistente 5,5001092,CADASTRO,Alteração de Economia,Decremento,Alteração de economias,Comercial,2 COMERCIAL,1 COMERCIAL,,,
415,2026-06-16 13:11:00,2026-06-16 13:27:00,Assistente 5,5002499,CADASTRO,Alteração de Categoria,,Alteração de categoria,Comercial,,,Comercial,Social,1
416,2026-07-01 14:48:00,2026-07-01 15:06:00,Assistente 1,5001260,CADASTRO,Alteração de Economia,Incremento,Alteração de economias,Residencial,1 RESIDENCIAL,2 RESIDENCIAL,,,
417,2026-07-04 12:40:00,2026-07-04 12:43:00,Assistente 3,5001918,CADASTRO,Alteração de Economia,Incremento,Alteração de economias,Social,2 SOCIAL,3 SOCIAL,,,
418,2026-07-21 14:33:00,2026-07-21 14:44:00,Assistente 3,5006517,CADASTRO,Alteração de Categoria,,Alteração de categoria,Residencial,,,Residencial,Social,1
419,2026-07-21 10:09:00,2026-07-21 10:29:00,Assistente 3,5006832,CADASTRO,Alteração de Economia,Incremento,Alteração de economias,Residencial,3 RESIDENCIAL,5 RESIDENCIAL,,,
420,2026-07-23 08:21:00,2026-07-23 08:41:00,Assistente 3,5005747,CADASTRO,Sem Tratativa,,Encerrado sem tratativa,,,,,,
421,2026-07-06 17:30:00,2026-07-06 17:46:00,Assistente 2,5001351,CADASTRO,Alteração de Categoria,,Alteração de categoria,Pública,,,Pública,Social,2
422,2026-07-03 12:44:00,2026-07-03 13:02:00,Assistente 4,5001554,CADASTRO,Alteração de Categoria,,Alteração de categoria,Residencial,,,Residencial,Social,2
423,2026-07-26 13:15:00,2026-07-26 13:18:00,Assistente 4,5008393,CADASTRO,Alteração de Economia,Incremento,Alteração de economias,Pequeno comércio,3 P. COMERCIO,4 P. COMERCIO,,,
424,2026-07-27 10:34:00,2026-07-27 10:47:00,Assistente 5,5001001,CADASTRO,Alteração de Categoria,,Alteração de categoria,Industrial,,,Industrial,Pública,1
425,2026-07-23 07:58:00,2026-07-23 08:05:00,Assistente 3,5007812,CADASTRO,Sem Tratativa,,Encerrado sem tratativa,,,,,,
426,2026-07-08 12:17:00,2026-07-08 12:35:00,Assistente 3,5000931,CADASTRO,Alteração de Categoria,,Alteração de categoria,Residencial,,,Residencial,Industrial,2
427,2026-07-06 17:26:00,2026-07-06 17:39:00,Assistente 4,5000441,CADASTRO,Sem Tratativa,,Encerrado sem tratativa,,,,,,
428,2026-07-06 08:44:00,2026-07-06 09:04:00,Assistente 4,5003899,CADASTRO,Alteração de Categoria,,Alteração de categoria,Pequeno comércio,,,Pequeno comércio,Comercial,1
429,2026-07-12 13:12:00,2026-07-12 13:24:00,Assistente 5,5004109,CADASTRO,Sem Tratativa,,Encerrado sem tratativa,,,,,,
430,2026-07-10 07:59:00,2026-07-10 08:11:00,Assistente 3,5003990,CADASTRO,Sem Tratativa,,Encerrado sem tratativa,,,,,,
431,2026-07-17 14:30:00,2026-07-17 14:36:00,Assistente 3,5002093,CADASTRO,Alteração de Economia,Incremento,Alteração de economias,Comercial,1 COMERCIAL,2 COMERCIAL,,,
432,2026-07-09 15:45:00,2026-07-09 15:57:00,Assistente 3,5003388,CADASTRO,Alteração de Economia,Incremento,Alteração de economias,Residencial,3 RESIDENCIAL,6 RESIDENCIAL,,,
433,2026-07-19 16:23:00,2026-07-19 16:27:00,Assistente 2,5001281,CADASTRO,Alteração de Economia,Incremento,Alteração de economias,Residencial,3 RESIDENCIAL,4 RESIDENCIAL,,,
434,2026-07-14 09:03:00,2026-07-14 09:23:00,Assistente 4,5008113,CADASTRO,Alteração de Categoria,,Alteração de categoria,Pública,,,Pública,Residencial,2
435,2026-07-19 12:43:00,2026-07-19 12:48:00,Assistente 2,5004130,CADASTRO,Alteração de Economia,Incremento,Alteração de economias,Residencial,3 RESIDENCIAL,4 RESIDENCIAL,,,
436,2026-07-01 12:59:00,2026-07-01 13:03:00,Assistente 1,5006041,CADASTRO,Alteração de Categoria,,Alteração de categoria,Industrial,,,Industrial,Pública,1
437,2026-07-01 17:31:00,2026-07-01 17:44:00,Assistente 1,5002114,CADASTRO,Alteração de Economia,Decremento,Alteração de economias,Social,3 SOCIAL,2 SOCIAL,,,
438,2026-07-13 13:14:00,2026-07-13 13:17:00,Assistente 3,5004571,CADASTRO,Alteração de Economia,Incremento,Alteração de economias,Social,1 SOCIAL,2 SOCIAL,,,
439,2026-07-12 13:15:00,2026-07-12 13:34:00,Assistente 2,5004627,CADASTRO,Sem Tratativa,,Encerrado sem tratativa,,,,,,
440,2026-07-21 08:10:00,2026-07-21 08:22:00,Assistente 3,5006755,CADASTRO,Alteração de Economia,Incremento,Alteração de economias,Pequeno comércio,1 P. COMERCIO,2 P. COMERCIO,,,
441,2026-07-05 13:08:00,2026-07-05 13:25:00,Assistente 1,5000812,CADASTRO,Alteração de Economia,Incremento,Alteração de economias,Residencial,3 RESIDENCIAL,4 RESIDENCIAL,,,
442,2026-07-12 10:26:00,2026-07-12 10:31:00,Assistente 4,5003780,CADASTRO,Sem Tratativa,,Encerrado sem tratativa,,,,,,
443,2026-07-17 12:17:00,2026-07-17 12:33:00,Assistente 1,5003808,CADASTRO,Alteração de Economia,Decremento,Alteração de economias,Comercial,3 COMERCIAL,2 COMERCIAL,,,
444,2026-07-02 17:21:00,2026-07-02 17:30:00,Assistente 1,5001806,CADASTRO,Alteração de Categoria,,Alteração de categoria,Residencial,,,Residencial,Pequeno comércio,2
445,2026-07-17 13:47:00,2026-07-17 14:00:00,Assistente 2,5007903,CADASTRO,Alteração de Economia,Incremento,Alteração de economias,Residencial,3 RESIDENCIAL,4 RESIDENCIAL,,,
446,2026-07-16 09:08:00,2026-07-16 09:19:00,Assistente 1,5003115,CADASTRO,Alteração de Economia,Incremento,Alteração de economias,Residencial,1 RESIDENCIAL,3 RESIDENCIAL,,,
447,2026-07-24 12:07:00,2026-07-24 12:13:00,Assistente 5,5003038,CADASTRO,Sem Tratativa,,Encerrado sem tratativa,,,,,,
448,2026-07-17 17:20:00,2026-07-17 17:40:00,Assistente 2,5007091,CADASTRO,Sem Tratativa,,Encerrado sem tratativa,,,,,,
449,2026-07-20 13:49:00,2026-07-20 13:53:00,Assistente 2,5001897,CADASTRO,Alteração de Economia,Incremento,Alteração de economias,Residencial,2 RESIDENCIAL,5 RESIDENCIAL,,,
450,2026-07-24 15:24:00,2026-07-24 15:44:00,Assistente 5,5000392,CADASTRO,Alteração de Economia,Decremento,Alteração de economias,Residencial,3 RESIDENCIAL,2 RESIDENCIAL,,,
451,2026-07-15 07:52:00,2026-07-15 08:00:00,Assistente 3,5006909,CADASTRO,Sem Tratativa,,Encerrado sem tratativa,,,,,,
452,2026-07-04 08:24:00,2026-07-04 08:30:00,Assistente 3,5000147,CADASTRO,Alteração de Economia,Incremento,Alteração de economias,Social,1 SOCIAL,2 SOCIAL,,,
453,2026-07-21 08:32:00,2026-07-21 08:47:00,Assistente 2,5001253,CADASTRO,Alteração de Categoria e Economia,,Alteração de categoria,Comercial,,,Comercial,Pública,1
454,2026-07-09 10:31:00,2026-07-09 10:40:00,Assistente 4,5004872,CADASTRO,Alteração de Economia,Incremento,Alteração de economias,Residencial,1 RESIDENCIAL,3 RESIDENCIAL,,,
455,2026-07-03 16:22:00,2026-07-03 16:27:00,Assistente 4,5000315,CADASTRO,Alteração de Categoria,,Alteração de categoria,Residencial,,,Residencial,Social,2
456,2026-07-10 13:25:00,2026-07-10 13:37:00,Assistente 1,5005509,CADASTRO,Sem Tratativa,,Encerrado sem tratativa,,,,,,
457,2026-07-02 15:47:00,2026-07-02 16:05:00,Assistente 1,5007637,CADASTRO,Alteração de Categoria e Economia,,Alteração de categoria,Comercial,,,Comercial,Pública,1
458,2026-07-10 11:32:00,2026-07-10 11:42:00,Assistente 1,5003381,CADASTRO,Alteração de Categoria,,Alteração de categoria,Industrial,,,Industrial,Comercial,1
459,2026-07-12 14:28:00,2026-07-12 14:39:00,Assistente 2,5005425,CADASTRO,Alteração de Economia,Decremento,Alteração de economias,Social,4 SOCIAL,3 SOCIAL,,,
460,2026-07-04 12:03:00,2026-07-04 12:14:00,Assistente 4,5001519,CADASTRO,Alteração de Categoria,,Alteração de categoria,Residencial,,,Residencial,Industrial,2
461,2026-07-07 13:53:00,2026-07-07 14:10:00,Assistente 4,5000217,CADASTRO,Alteração de Economia,Incremento,Alteração de economias,Comercial,2 COMERCIAL,3 COMERCIAL,,,
462,2026-07-19 13:48:00,2026-07-19 14:05:00,Assistente 5,5001379,CADASTRO,Alteração de Categoria,,Alteração de categoria,Industrial,,,Industrial,Social,2
463,2026-07-02 14:50:00,2026-07-02 15:00:00,Assistente 3,5007714,CADASTRO,Alteração de Economia,Incremento,Alteração de economias,Social,3 SOCIAL,6 SOCIAL,,,
464,2026-07-18 08:40:00,2026-07-18 08:59:00,Assistente 2,5004851,CADASTRO,Alteração de Economia,Incremento,Alteração de economias,Industrial,2 INDUSTRIAL,3 INDUSTRIAL,,,
465,2026-07-23 14:41:00,2026-07-23 14:54:00,Assistente 2,5006090,CADASTRO,Alteração de Categoria e Economia,,Alteração de categoria,Pública,,,Pública,Social,2
466,2026-07-03 08:23:00,2026-07-03 08:36:00,Assistente 2,5008365,CADASTRO,Alteração de Economia,Decremento,Alteração de economias,Pequeno comércio,4 P. COMERCIO,3 P. COMERCIO,,,
467,2026-07-09 10:36:00,2026-07-09 10:48:00,Assistente 1,5000861,CADASTRO,Sem Tratativa,,Encerrado sem tratativa,,,,,,
468,2026-07-12 17:09:00,2026-07-12 17:29:00,Assistente 5,5000882,CADASTRO,Alteração de Categoria,,Alteração de categoria,Pública,,,Pública,Social,2
469,2026-07-15 12:36:00,2026-07-15 12:45:00,Assistente 2,5007350,CADASTRO,Sem Tratativa,,Encerrado sem tratativa,,,,,,
470,2026-07-18 11:02:00,2026-07-18 11:19:00,Assistente 2,5002681,CADASTRO,Sem Tratativa,,Encerrado sem tratativa,,,,,,
471,2026-07-21 11:19:00,2026-07-21 11:25:00,Assistente 4,5003808,CADASTRO,Alteração de Categoria,,Alteração de categoria,Pública,,,Pública,Residencial,2
472,2026-07-25 11:34:00,2026-07-25 11:52:00,Assistente 4,5005698,CADASTRO,Sem Tratativa,,Encerrado sem tratativa,,,,,,
473,2026-07-27 12:32:00,2026-07-27 12:47:00,Assistente 2,5004172,CADASTRO,Alteração de Economia,Incremento,Alteração de economias,Comercial,2 COMERCIAL,4 COMERCIAL,,,
474,2026-07-26 09:34:00,2026-07-26 09:36:00,Assistente 1,5001554,CADASTRO,Alteração de Categoria e Economia,,Alteração de categoria,Pública,,,Pública,Comercial,1
475,2026-07-27 10:06:00,2026-07-27 10:11:00,Assistente 2,5005523,CADASTRO,Alteração de Categoria e Economia,,Alteração de categoria,Pequeno comércio,,,Pequeno comércio,Social,1
476,2026-07-17 08:30:00,2026-07-17 08:49:00,Assistente 3,5003906,CADASTRO,Sem Tratativa,,Encerrado sem tratativa,,,,,,
477,2026-07-09 16:34:00,2026-07-09 16:47:00,Assistente 1,5000945,CADASTRO,Alteração de Economia,Incremento,Alteração de economias,Residencial,3 RESIDENCIAL,4 RESIDENCIAL,,,
478,2026-07-18 08:44:00,2026-07-18 08:51:00,Assistente 1,5000322,CADASTRO,Alteração de Categoria,,Alteração de categoria,Pequeno comércio,,,Pequeno comércio,Comercial,1
479,2026-07-05 11:12:00,2026-07-05 11:18:00,Assistente 3,5002100,CADASTRO,Sem Tratativa,,Encerrado sem tratativa,,,,,,
480,2026-07-19 10:59:00,2026-07-19 11:03:00,Assistente 1,5002653,CADASTRO,Sem Tratativa,,Encerrado sem tratativa,,,,,,
481,2026-07-15 13:18:00,2026-07-15 13:37:00,Assistente 5,5004606,CADASTRO,Alteração de Categoria,,Alteração de categoria,Comercial,,,Comercial,Industrial,2
482,2026-07-03 15:22:00,2026-07-03 15:28:00,Assistente 1,5000903,CADASTRO,Alteração de Economia,Incremento,Alteração de economias,Residencial,3 RESIDENCIAL,4 RESIDENCIAL,,,
483,2026-07-20 11:52:00,2026-07-20 11:54:00,Assistente 1,5003192,CADASTRO,Sem Tratativa,,Encerrado sem tratativa,,,,,,
484,2026-07-02 11:45:00,2026-07-02 12:01:00,Assistente 2,5003108,CADASTRO,Alteração de Categoria,,Alteração de categoria,Residencial,,,Residencial,Pública,1
485,2026-07-22 17:38:00,2026-07-22 17:44:00,Assistente 3,5003178,CADASTRO,Alteração de Categoria,,Alteração de categoria,Industrial,,,Industrial,Social,2
486,2026-07-15 10:56:00,2026-07-15 11:15:00,Assistente 4,5005446,CADASTRO,Alteração de Economia,Incremento,Alteração de economias,Comercial,2 COMERCIAL,4 COMERCIAL,,,
487,2026-07-15 13:54:00,2026-07-15 13:56:00,Assistente 3,5007833,CADASTRO,Alteração de Economia,Decremento,Alteração de economias,Residencial,2 RESIDENCIAL,1 RESIDENCIAL,,,
488,2026-07-13 13:00:00,2026-07-13 13:02:00,Assistente 4,5001834,CADASTRO,Sem Tratativa,,Encerrado sem tratativa,,,,,,
489,2026-07-24 13:11:00,2026-07-24 13:19:00,Assistente 4,5005005,CADASTRO,Alteração de Categoria,,Alteração de categoria,Social,,,Social,Industrial,1
490,2026-07-25 16:03:00,2026-07-25 16:08:00,Assistente 2,5005915,CADASTRO,Alteração de Categoria,,Alteração de categoria,Industrial,,,Industrial,Pequeno comércio,1
491,2026-07-12 09:20:00,2026-07-12 09:34:00,Assistente 1,5002100,CADASTRO,Alteração de Economia,Incremento,Alteração de economias,Social,1 SOCIAL,2 SOCIAL,,,
492,2026-07-06 10:41:00,2026-07-06 10:53:00,Assistente 1,5003570,CADASTRO,Sem Tratativa,,Encerrado sem tratativa,,,,,,
493,2026-07-16 08:18:00,2026-07-16 08:34:00,Assistente 2,5006160,CADASTRO,Alteração de Economia,Incremento,Alteração de economias,Residencial,2 RESIDENCIAL,5 RESIDENCIAL,,,
494,2026-07-24 10:26:00,2026-07-24 10:44:00,Assistente 5,5001463,CADASTRO,Alteração de Categoria,,Alteração de categoria,Social,,,Social,Pequeno comércio,1
495,2026-07-02 08:38:00,2026-07-02 08:46:00,Assistente 4,5000735,CADASTRO,Alteração de Economia,Incremento,Alteração de economias,Pequeno comércio,1 P. COMERCIO,2 P. COMERCIO,,,
496,2026-08-23 09:55:00,2026-08-23 09:57:00,Assistente 5,5003290,CADASTRO,Alteração de Economia,Incremento,Alteração de economias,Social,2 SOCIAL,3 SOCIAL,,,
497,2026-08-12 14:14:00,2026-08-12 14:27:00,Assistente 5,5007357,CADASTRO,Alteração de Categoria,,Alteração de categoria,Social,,,Social,Residencial,1
498,2026-08-10 08:49:00,2026-08-10 08:52:00,Assistente 5,5006741,CADASTRO,Alteração de Categoria,,Alteração de categoria,Comercial,,,Comercial,Pequeno comércio,1
499,2026-08-04 08:33:00,2026-08-04 08:47:00,Assistente 3,5007833,CADASTRO,Alteração de Categoria,,Alteração de categoria,Pública,,,Pública,Residencial,1
500,2026-08-17 12:48:00,2026-08-17 12:57:00,Assistente 5,5004942,CADASTRO,Alteração de Economia,Incremento,Alteração de economias,Pequeno comércio,2 P. COMERCIO,3 P. COMERCIO,,,
501,2026-08-20 11:29:00,2026-08-20 11:47:00,Assistente 2,5006146,CADASTRO,Sem Tratativa,,Encerrado sem tratativa,,,,,,
502,2026-08-01 11:01:00,2026-08-01 11:18:00,Assistente 1,5002100,CADASTRO,Alteração de Economia,Incremento,Alteração de economias,Pequeno comércio,2 P. COMERCIO,3 P. COMERCIO,,,
503,2026-08-15 12:18:00,2026-08-15 12:24:00,Assistente 1,5008309,CADASTRO,Alteração de Categoria,,Alteração de categoria,Industrial,,,Industrial,Comercial,2
504,2026-08-09 08:01:00,2026-08-09 08:16:00,Assistente 2,5004697,CADASTRO,Alteração de Categoria,,Alteração de categoria,Comercial,,,Comercial,Pequeno comércio,1
505,2026-08-05 09:30:00,2026-08-05 09:45:00,Assistente 4,5003577,CADASTRO,Alteração de Economia,Incremento,Alteração de economias,Comercial,2 COMERCIAL,5 COMERCIAL,,,
506,2026-08-17 13:17:00,2026-08-17 13:30:00,Assistente 4,5004172,CADASTRO,Alteração de Categoria,,Alteração de categoria,Residencial,,,Residencial,Pequeno comércio,1
507,2026-08-16 17:32:00,2026-08-16 17:44:00,Assistente 3,5003535,CADASTRO,Alteração de Economia,Incremento,Alteração de economias,Residencial,1 RESIDENCIAL,4 RESIDENCIAL,,,
508,2026-08-04 08:53:00,2026-08-04 09:03:00,Assistente 3,5006426,CADASTRO,Alteração de Economia,Decremento,Alteração de economias,Residencial,3 RESIDENCIAL,2 RESIDENCIAL,,,
509,2026-08-20 13:12:00,2026-08-20 13:17:00,Assistente 5,5002590,CADASTRO,Alteração de Economia,Incremento,Alteração de economias,Residencial,2 RESIDENCIAL,3 RESIDENCIAL,,,
510,2026-08-08 13:41:00,2026-08-08 13:52:00,Assistente 3,5001750,CADASTRO,Alteração de Economia,Decremento,Alteração de economias,Residencial,4 RESIDENCIAL,3 RESIDENCIAL,,,
511,2026-08-22 08:55:00,2026-08-22 08:59:00,Assistente 2,5004550,CADASTRO,Alteração de Economia,Incremento,Alteração de economias,Comercial,3 COMERCIAL,4 COMERCIAL,,,
512,2026-08-23 11:19:00,2026-08-23 11:23:00,Assistente 4,5006909,CADASTRO,Sem Tratativa,,Encerrado sem tratativa,,,,,,
513,2026-08-27 17:23:00,2026-08-27 17:38:00,Assistente 5,5003346,CADASTRO,Alteração de Economia,Incremento,Alteração de economias,Residencial,1 RESIDENCIAL,3 RESIDENCIAL,,,
514,2026-08-04 11:08:00,2026-08-04 11:11:00,Assistente 4,5006202,CADASTRO,Alteração de Economia,Incremento,Alteração de economias,Residencial,1 RESIDENCIAL,4 RESIDENCIAL,,,
515,2026-08-07 09:11:00,2026-08-07 09:21:00,Assistente 4,5001841,CADASTRO,Alteração de Categoria,,Alteração de categoria,Pequeno comércio,,,Pequeno comércio,Social,2
516,2026-08-13 12:53:00,2026-08-13 13:04:00,Assistente 2,5002968,CADASTRO,Alteração de Categoria,,Alteração de categoria,Pública,,,Pública,Residencial,1
517,2026-08-19 14:31:00,2026-08-19 14:51:00,Assistente 4,5005978,CADASTRO,Alteração de Categoria,,Alteração de categoria,Pequeno comércio,,,Pequeno comércio,Social,1
518,2026-08-16 08:00:00,2026-08-16 08:19:00,Assistente 4,5004158,CADASTRO,Sem Tratativa,,Encerrado sem tratativa,,,,,,
519,2026-08-26 09:35:00,2026-08-26 09:53:00,Assistente 2,5005264,CADASTRO,Alteração de Economia,Incremento,Alteração de economias,Residencial,3 RESIDENCIAL,5 RESIDENCIAL,,,
520,2026-08-21 08:46:00,2026-08-21 08:52:00,Assistente 4,5002149,CADASTRO,Alteração de Categoria,,Alteração de categoria,Pequeno comércio,,,Pequeno comércio,Comercial,2
521,2026-08-10 13:49:00,2026-08-10 13:52:00,Assistente 3,5007301,CADASTRO,Alteração de Economia,Decremento,Alteração de economias,Pequeno comércio,2 P. COMERCIO,1 P. COMERCIO,,,
522,2026-08-20 14:04:00,2026-08-20 14:17:00,Assistente 5,5000210,CADASTRO,Alteração de Economia,Incremento,Alteração de economias,Comercial,2 COMERCIAL,3 COMERCIAL,,,
523,2026-08-11 15:57:00,2026-08-11 16:17:00,Assistente 3,5004361,CADASTRO,Sem Tratativa,,Encerrado sem tratativa,,,,,,
524,2026-08-07 09:37:00,2026-08-07 09:49:00,Assistente 2,5002660,CADASTRO,Alteração de Categoria,,Alteração de categoria,Industrial,,,Industrial,Comercial,1
525,2026-08-11 09:22:00,2026-08-11 09:38:00,Assistente 3,5005327,CADASTRO,Alteração de Economia,Incremento,Alteração de economias,Residencial,1 RESIDENCIAL,2 RESIDENCIAL,,,
526,2026-08-10 12:59:00,2026-08-10 13:13:00,Assistente 2,5000147,CADASTRO,Alteração de Categoria,,Alteração de categoria,Residencial,,,Residencial,Social,1
527,2026-08-16 15:12:00,2026-08-16 15:14:00,Assistente 4,5002723,CADASTRO,Alteração de Categoria,,Alteração de categoria,Pequeno comércio,,,Pequeno comércio,Pública,1
528,2026-08-25 13:10:00,2026-08-25 13:24:00,Assistente 2,5003584,CADASTRO,Alteração de Categoria,,Alteração de categoria,Pequeno comércio,,,Pequeno comércio,Comercial,1
529,2026-08-06 09:42:00,2026-08-06 10:00:00,Assistente 4,5003724,CADASTRO,Sem Tratativa,,Encerrado sem tratativa,,,,,,
530,2026-08-02 09:23:00,2026-08-02 09:39:00,Assistente 5,5002688,CADASTRO,Alteração de Economia,Incremento,Alteração de economias,Comercial,2 COMERCIAL,3 COMERCIAL,,,
531,2026-08-16 17:11:00,2026-08-16 17:16:00,Assistente 4,5004564,CADASTRO,Alteração de Categoria e Economia,,Alteração de categoria,Pública,,,Pública,Social,1
532,2026-08-03 09:00:00,2026-08-03 09:13:00,Assistente 2,5007847,CADASTRO,Alteração de Categoria,,Alteração de categoria,Pequeno comércio,,,Pequeno comércio,Residencial,1
533,2026-08-21 14:09:00,2026-08-21 14:17:00,Assistente 4,5003031,CADASTRO,Alteração de Economia,Decremento,Alteração de economias,Residencial,4 RESIDENCIAL,3 RESIDENCIAL,,,
534,2026-08-05 16:40:00,2026-08-05 16:49:00,Assistente 3,5003017,CADASTRO,Alteração de Categoria e Economia,,Alteração de categoria,Comercial,,,Comercial,Social,2
535,2026-08-14 13:24:00,2026-08-14 13:30:00,Assistente 2,5001610,CADASTRO,Alteração de Economia,Decremento,Alteração de economias,Residencial,3 RESIDENCIAL,2 RESIDENCIAL,,,
536,2026-08-05 11:47:00,2026-08-05 12:06:00,Assistente 5,5005054,CADASTRO,Alteração de Categoria,,Alteração de categoria,Social,,,Social,Pública,1
537,2026-08-20 10:10:00,2026-08-20 10:14:00,Assistente 1,5006300,CADASTRO,Sem Tratativa,,Encerrado sem tratativa,,,,,,
538,2026-08-09 10:11:00,2026-08-09 10:17:00,Assistente 3,5005089,CADASTRO,Sem Tratativa,,Encerrado sem tratativa,,,,,,
539,2026-08-18 12:58:00,2026-08-18 13:14:00,Assistente 5,5004403,CADASTRO,Sem Tratativa,,Encerrado sem tratativa,,,,,,
540,2026-08-02 14:47:00,2026-08-02 15:05:00,Assistente 1,5000882,CADASTRO,Alteração de Categoria,,Alteração de categoria,Residencial,,,Residencial,Social,1
541,2026-08-26 16:13:00,2026-08-26 16:22:00,Assistente 5,5003843,CADASTRO,Alteração de Categoria,,Alteração de categoria,Pequeno comércio,,,Pequeno comércio,Comercial,1
542,2026-08-17 16:34:00,2026-08-17 16:50:00,Assistente 2,5005474,CADASTRO,Alteração de Economia,Decremento,Alteração de economias,Social,3 SOCIAL,2 SOCIAL,,,
543,2026-08-27 09:47:00,2026-08-27 09:50:00,Assistente 5,5005684,CADASTRO,Alteração de Categoria,,Alteração de categoria,Pública,,,Pública,Social,1
544,2026-08-27 11:17:00,2026-08-27 11:32:00,Assistente 3,5008281,CADASTRO,Alteração de Economia,Incremento,Alteração de economias,Pequeno comércio,1 P. COMERCIO,3 P. COMERCIO,,,
545,2026-08-08 16:55:00,2026-08-08 17:07:00,Assistente 3,5001666,CADASTRO,Alteração de Economia,Incremento,Alteração de economias,Pequeno comércio,2 P. COMERCIO,4 P. COMERCIO,,,
546,2026-08-13 17:42:00,2026-08-13 17:48:00,Assistente 5,5006342,CADASTRO,Sem Tratativa,,Encerrado sem tratativa,,,,,,
547,2026-08-12 13:30:00,2026-08-12 13:43:00,Assistente 3,5007840,CADASTRO,Alteração de Categoria e Economia,,Alteração de categoria,Social,,,Social,Pequeno comércio,1
548,2026-08-08 11:37:00,2026-08-08 11:41:00,Assistente 4,5003836,CADASTRO,Alteração de Economia,Incremento,Alteração de economias,Pública,3 PUBLICA,4 PUBLICA,,,
549,2026-08-24 09:06:00,2026-08-24 09:12:00,Assistente 4,5002107,CADASTRO,Alteração de Categoria,,Alteração de categoria,Industrial,,,Industrial,Social,1
550,2026-08-17 09:26:00,2026-08-17 09:31:00,Assistente 1,5007203,CADASTRO,Alteração de Categoria,,Alteração de categoria,Pública,,,Pública,Social,1
551,2026-08-15 16:11:00,2026-08-15 16:26:00,Assistente 2,5007329,CADASTRO,Alteração de Economia,Decremento,Alteração de economias,Residencial,2 RESIDENCIAL,1 RESIDENCIAL,,,
552,2026-08-12 12:57:00,2026-08-12 13:14:00,Assistente 4,5006461,CADASTRO,Sem Tratativa,,Encerrado sem tratativa,,,,,,
553,2026-08-10 08:12:00,2026-08-10 08:30:00,Assistente 2,5002485,CADASTRO,Sem Tratativa,,Encerrado sem tratativa,,,,,,
554,2026-08-06 09:38:00,2026-08-06 09:47:00,Assistente 5,5003318,CADASTRO,Alteração de Economia,Incremento,Alteração de economias,Social,1 SOCIAL,2 SOCIAL,,,
555,2026-08-22 10:31:00,2026-08-22 10:51:00,Assistente 1,5001883,CADASTRO,Alteração de Categoria,,Alteração de categoria,Pequeno comércio,,,Pequeno comércio,Residencial,1
556,2026-08-24 17:35:00,2026-08-24 17:41:00,Assistente 2,5006111,CADASTRO,Alteração de Economia,Incremento,Alteração de economias,Comercial,2 COMERCIAL,3 COMERCIAL,,,
557,2026-08-05 13:50:00,2026-08-05 13:54:00,Assistente 5,5003066,CADASTRO,Sem Tratativa,,Encerrado sem tratativa,,,,,,
558,2026-08-05 10:45:00,2026-08-05 10:55:00,Assistente 2,5007434,CADASTRO,Alteração de Economia,Incremento,Alteração de economias,Residencial,3 RESIDENCIAL,4 RESIDENCIAL,,,
559,2026-08-16 10:16:00,2026-08-16 10:19:00,Assistente 3,5008323,CADASTRO,Alteração de Economia,Incremento,Alteração de economias,Residencial,2 RESIDENCIAL,5 RESIDENCIAL,,,
560,2026-08-01 14:43:00,2026-08-01 14:57:00,Assistente 4,5000322,CADASTRO,Alteração de Economia,Decremento,Alteração de economias,Residencial,4 RESIDENCIAL,3 RESIDENCIAL,,,
561,2026-08-14 15:22:00,2026-08-14 15:33:00,Assistente 2,5000434,CADASTRO,Sem Tratativa,,Encerrado sem tratativa,,,,,,
562,2026-08-05 16:00:00,2026-08-05 16:04:00,Assistente 5,5007329,CADASTRO,Alteração de Categoria e Economia,,Alteração de categoria,Industrial,,,Industrial,Pública,1
563,2026-08-04 08:19:00,2026-08-04 08:37:00,Assistente 4,5004060,CADASTRO,Sem Tratativa,,Encerrado sem tratativa,,,,,,
564,2026-08-17 17:15:00,2026-08-17 17:18:00,Assistente 1,5007994,CADASTRO,Alteração de Categoria,,Alteração de categoria,Residencial,,,Residencial,Pequeno comércio,2
565,2026-08-26 10:08:00,2026-08-26 10:28:00,Assistente 5,5004893,CADASTRO,Alteração de Economia,Decremento,Alteração de economias,Pequeno comércio,3 P. COMERCIO,2 P. COMERCIO,,,
566,2026-08-04 08:48:00,2026-08-04 08:58:00,Assistente 5,5004942,CADASTRO,Alteração de Categoria,,Alteração de categoria,Social,,,Social,Pública,2
567,2026-08-24 13:15:00,2026-08-24 13:35:00,Assistente 3,5004634,CADASTRO,Alteração de Categoria,,Alteração de categoria,Industrial,,,Industrial,Social,1
568,2026-08-11 15:35:00,2026-08-11 15:41:00,Assistente 4,5003507,CADASTRO,Sem Tratativa,,Encerrado sem tratativa,,,,,,
569,2026-08-25 13:31:00,2026-08-25 13:47:00,Assistente 5,5002996,CADASTRO,Alteração de Economia,Decremento,Alteração de economias,Comercial,4 COMERCIAL,3 COMERCIAL,,,
570,2026-08-21 17:46:00,2026-08-21 17:58:00,Assistente 1,5001155,CADASTRO,Sem Tratativa,,Encerrado sem tratativa,,,,,,
571,2026-08-17 15:22:00,2026-08-17 15:36:00,Assistente 1,5004123,CADASTRO,Alteração de Economia,Incremento,Alteração de economias,Residencial,2 RESIDENCIAL,4 RESIDENCIAL,,,
572,2026-08-05 15:00:00,2026-08-05 15:07:00,Assistente 3,5004102,CADASTRO,Sem Tratativa,,Encerrado sem tratativa,,,,,,
573,2026-08-25 17:15:00,2026-08-25 17:22:00,Assistente 1,5001813,CADASTRO,Alteração de Categoria,,Alteração de categoria,Social,,,Social,Residencial,2
574,2026-08-25 13:41:00,2026-08-25 13:44:00,Assistente 2,5005439,CADASTRO,Sem Tratativa,,Encerrado sem tratativa,,,,,,
575,2026-08-09 16:54:00,2026-08-09 17:06:00,Assistente 2,5000175,CADASTRO,Alteração de Economia,Decremento,Alteração de economias,Residencial,3 RESIDENCIAL,2 RESIDENCIAL,,,
576,2026-08-16 14:21:00,2026-08-16 14:34:00,Assistente 1,5002954,CADASTRO,Alteração de Categoria,,Alteração de categoria,Industrial,,,Industrial,Pública,1
577,2026-08-12 12:30:00,2026-08-12 12:34:00,Assistente 1,5003325,CADASTRO,Alteração de Economia,Incremento,Alteração de economias,Residencial,1 RESIDENCIAL,2 RESIDENCIAL,,,
578,2026-08-24 14:11:00,2026-08-24 14:28:00,Assistente 4,5003311,CADASTRO,Alteração de Categoria,,Alteração de categoria,Pública,,,Pública,Residencial,1
579,2026-08-03 09:02:00,2026-08-03 09:06:00,Assistente 5,5002471,CADASTRO,Alteração de Categoria,,Alteração de categoria,Pequeno comércio,,,Pequeno comércio,Residencial,1
580,2026-08-03 17:01:00,2026-08-03 17:14:00,Assistente 3,5006265,CADASTRO,Alteração de Categoria,,Alteração de categoria,Industrial,,,Industrial,Residencial,1
581,2026-08-26 13:55:00,2026-08-26 14:13:00,Assistente 4,5007301,CADASTRO,Sem Tratativa,,Encerrado sem tratativa,,,,,,
582,2026-08-26 16:46:00,2026-08-26 16:53:00,Assistente 5,5000980,CADASTRO,Alteração de Economia,Incremento,Alteração de economias,Comercial,1 COMERCIAL,2 COMERCIAL,,,
583,2026-08-04 12:23:00,2026-08-04 12:30:00,Assistente 2,5000742,CADASTRO,Alteração de Economia,Incremento,Alteração de economias,Residencial,3 RESIDENCIAL,4 RESIDENCIAL,,,
584,2026-08-14 09:56:00,2026-08-14 10:09:00,Assistente 2,5005292,CADASTRO,Alteração de Categoria,,Alteração de categoria,Industrial,,,Industrial,Social,2
585,2026-08-27 14:50:00,2026-08-27 15:06:00,Assistente 2,5006048,CADASTRO,Alteração de Economia,Decremento,Alteração de economias,Pequeno comércio,3 P. COMERCIO,2 P. COMERCIO,,,
586,2026-08-09 14:01:00,2026-08-09 14:06:00,Assistente 3,5007161,CADASTRO,Sem Tratativa,,Encerrado sem tratativa,,,,,,
587,2026-08-23 09:01:00,2026-08-23 09:06:00,Assistente 4,5007588,CADASTRO,Alteração de Categoria e Economia,,Alteração de categoria,Pública,,,Pública,Comercial,1
588,2026-08-16 10:29:00,2026-08-16 10:47:00,Assistente 5,5006923,CADASTRO,Alteração de Categoria,,Alteração de categoria,Social,,,Social,Residencial,1
589,2026-08-04 12:23:00,2026-08-04 12:38:00,Assistente 2,5002772,CADASTRO,Alteração de Economia,Decremento,Alteração de economias,Social,4 SOCIAL,3 SOCIAL,,,
590,2026-08-22 08:08:00,2026-08-22 08:21:00,Assistente 1,5002037,CADASTRO,Sem Tratativa,,Encerrado sem tratativa,,,,,,
591,2026-08-24 16:55:00,2026-08-24 17:11:00,Assistente 5,5003570,CADASTRO,Alteração de Categoria,,Alteração de categoria,Pública,,,Pública,Pequeno comércio,1
592,2026-08-23 08:49:00,2026-08-23 08:53:00,Assistente 2,5008099,CADASTRO,Alteração de Categoria,,Alteração de categoria,Social,,,Social,Industrial,1
593,2026-08-08 12:17:00,2026-08-08 12:22:00,Assistente 2,5004347,CADASTRO,Alteração de Categoria,,Alteração de categoria,Comercial,,,Comercial,Pequeno comércio,1
594,2026-08-03 10:57:00,2026-08-03 10:59:00,Assistente 2,5001071,CADASTRO,Alteração de Categoria,,Alteração de categoria,Pública,,,Pública,Social,1
595,2026-08-03 08:36:00,2026-08-03 08:46:00,Assistente 3,5003248,CADASTRO,Sem Tratativa,,Encerrado sem tratativa,,,,,,
596,2026-08-03 10:07:00,2026-08-03 10:23:00,Assistente 5,5006867,CADASTRO,Alteração de Categoria,,Alteração de categoria,Pequeno comércio,,,Pequeno comércio,Industrial,1
597,2026-08-01 09:25:00,2026-08-01 09:40:00,Assistente 4,5000000,CADASTRO,Alteração de Economia,Incremento,Alteração de economias,Comercial,2 COMERCIAL,3 COMERCIAL,,,
598,2026-08-08 17:27:00,2026-08-08 17:34:00,Assistente 4,5005019,CADASTRO,Alteração de Categoria,,Alteração de categoria,Pequeno comércio,,,Pequeno comércio,Residencial,1
599,2026-08-04 09:06:00,2026-08-04 09:13:00,Assistente 3,5008127,CADASTRO,Alteração de Categoria,,Alteração de categoria,Residencial,,,Residencial,Pequeno comércio,1
600,2026-08-16 09:03:00,2026-08-16 09:07:00,Assistente 3,5007063,CADASTRO,Alteração de Categoria,,Alteração de categoria,Industrial,,,Industrial,Pequeno comércio,2
601,2026-08-08 09:56:00,2026-08-08 10:07:00,Assistente 2,5002177,CADASTRO,Alteração de Categoria,,Alteração de categoria,Residencial,,,Residencial,Pequeno comércio,2
602,2026-08-08 10:16:00,2026-08-08 10:28:00,Assistente 1,5004431,CADASTRO,Alteração de Economia,Incremento,Alteração de economias,Residencial,3 RESIDENCIAL,5 RESIDENCIAL,,,
603,2026-08-25 09:02:00,2026-08-25 09:11:00,Assistente 2,5006237,CADASTRO,Alteração de Economia,Decremento,Alteração de economias,Industrial,2 INDUSTRIAL,1 INDUSTRIAL,,,
604,2026-08-19 16:41:00,2026-08-19 16:52:00,Assistente 3,5005047,CADASTRO,Alteração de Economia,Incremento,Alteração de economias,Residencial,2 RESIDENCIAL,3 RESIDENCIAL,,,
605,2026-08-19 13:23:00,2026-08-19 13:29:00,Assistente 5,5000000,CADASTRO,Alteração de Economia,Decremento,Alteração de economias,Residencial,2 RESIDENCIAL,1 RESIDENCIAL,,,
606,2026-08-07 10:38:00,2026-08-07 10:57:00,Assistente 5,5006209,CADASTRO,Sem Tratativa,,Encerrado sem tratativa,,,,,,
607,2026-08-03 13:00:00,2026-08-03 13:02:00,Assistente 3,5000672,CADASTRO,Alteração de Categoria,,Alteração de categoria,Residencial,,,Residencial,Social,1
608,2026-08-16 12:34:00,2026-08-16 12:51:00,Assistente 4,5003514,CADASTRO,Sem Tratativa,,Encerrado sem tratativa,,,,,,
609,2026-08-16 13:33:00,2026-08-16 13:48:00,Assistente 3,5003773,CADASTRO,Alteração de Categoria,,Alteração de categoria,Pequeno comércio,,,Pequeno comércio,Residencial,1
610,2026-08-02 10:20:00,2026-08-02 10:33:00,Assistente 2,5002618,CADASTRO,Sem Tratativa,,Encerrado sem tratativa,,,,,,
611,2026-08-09 17:08:00,2026-08-09 17:16:00,Assistente 1,5000756,CADASTRO,Alteração de Economia,Incremento,Alteração de economias,Residencial,3 RESIDENCIAL,5 RESIDENCIAL,,,
612,2026-08-09 10:01:00,2026-08-09 10:05:00,Assistente 5,5004270,CADASTRO,Sem Tratativa,,Encerrado sem tratativa,,,,,,
613,2026-08-12 16:24:00,2026-08-12 16:40:00,Assistente 4,5000973,CADASTRO,Alteração de Categoria,,Alteração de categoria,Social,,,Social,Pública,1
614,2026-08-16 14:07:00,2026-08-16 14:24:00,Assistente 4,5007735,CADASTRO,Alteração de Economia,Incremento,Alteração de economias,Comercial,2 COMERCIAL,3 COMERCIAL,,,
615,2026-08-23 13:35:00,2026-08-23 13:55:00,Assistente 3,5003164,CADASTRO,Sem Tratativa,,Encerrado sem tratativa,,,,,,
616,2026-08-07 12:11:00,2026-08-07 12:28:00,Assistente 5,5002597,CADASTRO,Alteração de Categoria,,Alteração de categoria,Pública,,,Pública,Pequeno comércio,1
617,2026-08-23 15:53:00,2026-08-23 16:02:00,Assistente 1,5004144,CADASTRO,Alteração de Economia,Incremento,Alteração de economias,Comercial,1 COMERCIAL,2 COMERCIAL,,,
618,2026-08-05 11:55:00,2026-08-05 12:06:00,Assistente 4,5007322,CADASTRO,Alteração de Categoria,,Alteração de categoria,Pública,,,Pública,Social,1
619,2026-08-04 13:18:00,2026-08-04 13:24:00,Assistente 1,5007042,CADASTRO,Alteração de Economia,Incremento,Alteração de economias,Residencial,2 RESIDENCIAL,5 RESIDENCIAL,,,
620,2026-08-17 14:45:00,2026-08-17 14:52:00,Assistente 4,5004536,CADASTRO,Alteração de Categoria e Economia,,Alteração de categoria,Comercial,,,Comercial,Social,1
621,2026-08-27 10:48:00,2026-08-27 11:02:00,Assistente 1,5005656,CADASTRO,Alteração de Categoria,,Alteração de categoria,Pequeno comércio,,,Pequeno comércio,Comercial,1
622,2026-08-10 13:16:00,2026-08-10 13:23:00,Assistente 5,5006482,CADASTRO,Sem Tratativa,,Encerrado sem tratativa,,,,,,
623,2026-08-24 17:11:00,2026-08-24 17:23:00,Assistente 4,5002828,CADASTRO,Alteração de Categoria,,Alteração de categoria,Comercial,,,Comercial,Residencial,1
624,2026-08-09 12:05:00,2026-08-09 12:14:00,Assistente 3,5000371,CADASTRO,Sem Tratativa,,Encerrado sem tratativa,,,,,,
625,2026-08-11 08:18:00,2026-08-11 08:34:00,Assistente 2,5005698,CADASTRO,Sem Tratativa,,Encerrado sem tratativa,,,,,,
626,2026-09-22 08:02:00,2026-09-22 08:10:00,Assistente 1,5007924,CADASTRO,Alteração de Categoria,,Alteração de categoria,Comercial,,,Comercial,Residencial,1
627,2026-09-18 17:10:00,2026-09-18 17:19:00,Assistente 5,5002548,CADASTRO,Alteração de Categoria,,Alteração de categoria,Comercial,,,Comercial,Pequeno comércio,1
628,2026-09-01 13:58:00,2026-09-01 14:05:00,Assistente 5,5005593,CADASTRO,Alteração de Categoria,,Alteração de categoria,Pública,,,Pública,Pequeno comércio,1
629,2026-09-24 09:07:00,2026-09-24 09:26:00,Assistente 4,5001498,CADASTRO,Sem Tratativa,,Encerrado sem tratativa,,,,,,
630,2026-09-12 17:17:00,2026-09-12 17:30:00,Assistente 5,5000833,CADASTRO,Alteração de Economia,Incremento,Alteração de economias,Industrial,1 INDUSTRIAL,2 INDUSTRIAL,,,
631,2026-09-15 09:53:00,2026-09-15 10:00:00,Assistente 2,5007714,CADASTRO,Alteração de Economia,Incremento,Alteração de economias,Comercial,2 COMERCIAL,3 COMERCIAL,,,
632,2026-09-27 16:59:00,2026-09-27 17:02:00,Assistente 2,5000686,CADASTRO,Alteração de Categoria,,Alteração de categoria,Pequeno comércio,,,Pequeno comércio,Residencial,2
633,2026-09-11 10:28:00,2026-09-11 10:48:00,Assistente 2,5003549,CADASTRO,Alteração de Economia,Incremento,Alteração de economias,Residencial,3 RESIDENCIAL,4 RESIDENCIAL,,,
634,2026-09-17 11:40:00,2026-09-17 11:45:00,Assistente 2,5002989,CADASTRO,Alteração de Categoria,,Alteração de categoria,Comercial,,,Comercial,Industrial,1
635,2026-09-01 15:39:00,2026-09-01 15:52:00,Assistente 4,5004361,CADASTRO,Alteração de Economia,Incremento,Alteração de economias,Residencial,3 RESIDENCIAL,4 RESIDENCIAL,,,
636,2026-09-04 08:21:00,2026-09-04 08:28:00,Assistente 1,5007630,CADASTRO,Alteração de Economia,Incremento,Alteração de economias,Residencial,2 RESIDENCIAL,3 RESIDENCIAL,,,
637,2026-09-24 10:55:00,2026-09-24 11:09:00,Assistente 1,5004172,CADASTRO,Alteração de Categoria,,Alteração de categoria,Pública,,,Pública,Social,1
638,2026-09-12 12:51:00,2026-09-12 12:56:00,Assistente 5,5004886,CADASTRO,Alteração de Economia,Incremento,Alteração de economias,Pública,2 PUBLICA,4 PUBLICA,,,
639,2026-09-15 10:32:00,2026-09-15 10:38:00,Assistente 3,5000917,CADASTRO,Alteração de Categoria,,Alteração de categoria,Social,,,Social,Comercial,2
640,2026-09-16 14:37:00,2026-09-16 14:48:00,Assistente 1,5003528,CADASTRO,Alteração de Economia,Incremento,Alteração de economias,Social,2 SOCIAL,3 SOCIAL,,,
641,2026-09-14 14:55:00,2026-09-14 15:08:00,Assistente 4,5007665,CADASTRO,Alteração de Categoria e Economia,,Alteração de categoria,Comercial,,,Comercial,Industrial,1
642,2026-09-23 15:29:00,2026-09-23 15:47:00,Assistente 5,5003976,CADASTRO,Alteração de Economia,Incremento,Alteração de economias,Residencial,2 RESIDENCIAL,5 RESIDENCIAL,,,
643,2026-09-01 10:42:00,2026-09-01 10:52:00,Assistente 4,5002373,CADASTRO,Alteração de Categoria,,Alteração de categoria,Comercial,,,Comercial,Pública,2
644,2026-09-27 16:33:00,2026-09-27 16:43:00,Assistente 5,5003829,CADASTRO,Alteração de Categoria,,Alteração de categoria,Social,,,Social,Residencial,1
645,2026-09-21 08:01:00,2026-09-21 08:16:00,Assistente 2,5000581,CADASTRO,Alteração de Categoria,,Alteração de categoria,Industrial,,,Industrial,Social,1
646,2026-09-24 07:56:00,2026-09-24 08:15:00,Assistente 2,5004445,CADASTRO,Alteração de Categoria,,Alteração de categoria,Industrial,,,Industrial,Pública,1
647,2026-09-10 13:24:00,2026-09-10 13:40:00,Assistente 4,5002555,CADASTRO,Alteração de Categoria,,Alteração de categoria,Comercial,,,Comercial,Industrial,2
648,2026-09-06 13:12:00,2026-09-06 13:29:00,Assistente 3,5001085,CADASTRO,Alteração de Categoria,,Alteração de categoria,Comercial,,,Comercial,Industrial,1
649,2026-09-10 16:51:00,2026-09-10 17:00:00,Assistente 1,5008386,CADASTRO,Alteração de Categoria,,Alteração de categoria,Comercial,,,Comercial,Pequeno comércio,2
650,2026-09-19 08:07:00,2026-09-19 08:15:00,Assistente 3,5001540,CADASTRO,Sem Tratativa,,Encerrado sem tratativa,,,,,,
651,2026-09-07 14:37:00,2026-09-07 14:52:00,Assistente 4,5007805,CADASTRO,Alteração de Categoria,,Alteração de categoria,Comercial,,,Comercial,Pública,1
652,2026-09-20 11:16:00,2026-09-20 11:29:00,Assistente 4,5008127,CADASTRO,Alteração de Categoria,,Alteração de categoria,Pequeno comércio,,,Pequeno comércio,Residencial,1
653,2026-09-10 17:06:00,2026-09-10 17:13:00,Assistente 4,5002555,CADASTRO,Alteração de Categoria,,Alteração de categoria,Pública,,,Pública,Social,1
654,2026-09-06 09:56:00,2026-09-06 10:07:00,Assistente 1,5006657,CADASTRO,Sem Tratativa,,Encerrado sem tratativa,,,,,,
655,2026-09-26 11:46:00,2026-09-26 11:48:00,Assistente 1,5005327,CADASTRO,Alteração de Economia,Incremento,Alteração de economias,Social,1 SOCIAL,2 SOCIAL,,,
656,2026-09-11 12:59:00,2026-09-11 13:02:00,Assistente 2,5004270,CADASTRO,Sem Tratativa,,Encerrado sem tratativa,,,,,,
657,2026-09-19 15:34:00,2026-09-19 15:52:00,Assistente 2,5006104,CADASTRO,Alteração de Categoria,,Alteração de categoria,Pequeno comércio,,,Pequeno comércio,Comercial,1
658,2026-09-05 15:17:00,2026-09-05 15:36:00,Assistente 1,5003535,CADASTRO,Alteração de Economia,Incremento,Alteração de economias,Comercial,1 COMERCIAL,2 COMERCIAL,,,
659,2026-09-09 08:16:00,2026-09-09 08:21:00,Assistente 3,5004032,CADASTRO,Alteração de Economia,Decremento,Alteração de economias,Comercial,2 COMERCIAL,1 COMERCIAL,,,
660,2026-09-03 14:22:00,2026-09-03 14:42:00,Assistente 2,5008274,CADASTRO,Sem Tratativa,,Encerrado sem tratativa,,,,,,
661,2026-09-25 16:59:00,2026-09-25 17:18:00,Assistente 4,5000805,CADASTRO,Alteração de Economia,Decremento,Alteração de economias,Residencial,2 RESIDENCIAL,1 RESIDENCIAL,,,
662,2026-09-26 14:12:00,2026-09-26 14:16:00,Assistente 1,5001631,CADASTRO,Alteração de Economia,Decremento,Alteração de economias,Residencial,4 RESIDENCIAL,3 RESIDENCIAL,,,
663,2026-09-15 15:38:00,2026-09-15 15:50:00,Assistente 2,5000364,CADASTRO,Alteração de Categoria,,Alteração de categoria,Social,,,Social,Industrial,1
664,2026-09-05 11:46:00,2026-09-05 11:51:00,Assistente 3,5000007,CADASTRO,Alteração de Economia,Incremento,Alteração de economias,Social,2 SOCIAL,3 SOCIAL,,,
665,2026-09-23 13:21:00,2026-09-23 13:28:00,Assistente 1,5008295,CADASTRO,Alteração de Categoria,,Alteração de categoria,Pequeno comércio,,,Pequeno comércio,Social,2
666,2026-09-14 08:45:00,2026-09-14 08:49:00,Assistente 3,5001148,CADASTRO,Alteração de Economia,Incremento,Alteração de economias,Social,3 SOCIAL,4 SOCIAL,,,
667,2026-09-12 09:54:00,2026-09-12 10:04:00,Assistente 3,5007063,CADASTRO,Alteração de Economia,Incremento,Alteração de economias,Industrial,1 INDUSTRIAL,2 INDUSTRIAL,,,
668,2026-09-15 15:07:00,2026-09-15 15:09:00,Assistente 4,5003437,CADASTRO,Alteração de Economia,Incremento,Alteração de economias,Residencial,3 RESIDENCIAL,5 RESIDENCIAL,,,
669,2026-09-10 13:04:00,2026-09-10 13:15:00,Assistente 1,5005453,CADASTRO,Sem Tratativa,,Encerrado sem tratativa,,,,,,
670,2026-09-14 08:17:00,2026-09-14 08:31:00,Assistente 5,5003318,CADASTRO,Alteração de Economia,Incremento,Alteração de economias,Social,2 SOCIAL,3 SOCIAL,,,
671,2026-09-02 14:10:00,2026-09-02 14:18:00,Assistente 5,5007392,CADASTRO,Alteração de Economia,Decremento,Alteração de economias,Pública,4 PUBLICA,3 PUBLICA,,,
672,2026-09-13 16:27:00,2026-09-13 16:46:00,Assistente 5,5004368,CADASTRO,Alteração de Economia,Decremento,Alteração de economias,Residencial,2 RESIDENCIAL,1 RESIDENCIAL,,,
673,2026-09-01 08:58:00,2026-09-01 09:13:00,Assistente 5,5007980,CADASTRO,Alteração de Categoria,,Alteração de categoria,Residencial,,,Residencial,Pequeno comércio,1
674,2026-09-10 14:57:00,2026-09-10 15:01:00,Assistente 2,5003892,CADASTRO,Alteração de Economia,Incremento,Alteração de economias,Pequeno comércio,2 P. COMERCIO,5 P. COMERCIO,,,
675,2026-09-21 08:12:00,2026-09-21 08:25:00,Assistente 3,5006510,CADASTRO,Alteração de Categoria,,Alteração de categoria,Social,,,Social,Pequeno comércio,1
676,2026-09-12 16:48:00,2026-09-12 17:08:00,Assistente 3,5005075,CADASTRO,Sem Tratativa,,Encerrado sem tratativa,,,,,,
677,2026-09-13 15:49:00,2026-09-13 15:53:00,Assistente 5,5000595,CADASTRO,Alteração de Economia,Incremento,Alteração de economias,Comercial,2 COMERCIAL,4 COMERCIAL,,,
678,2026-09-25 17:07:00,2026-09-25 17:10:00,Assistente 4,5003969,CADASTRO,Alteração de Categoria,,Alteração de categoria,Comercial,,,Comercial,Pública,1
679,2026-09-23 09:20:00,2026-09-23 09:24:00,Assistente 2,5004179,CADASTRO,Alteração de Economia,Incremento,Alteração de economias,Social,1 SOCIAL,4 SOCIAL,,,
680,2026-09-17 10:03:00,2026-09-17 10:10:00,Assistente 4,5006090,CADASTRO,Alteração de Categoria e Economia,,Alteração de categoria,Comercial,,,Comercial,Industrial,1
681,2026-09-10 13:31:00,2026-09-10 13:34:00,Assistente 4,5001456,CADASTRO,Alteração de Economia,Decremento,Alteração de economias,Comercial,2 COMERCIAL,1 COMERCIAL,,,
682,2026-09-19 13:00:00,2026-09-19 13:15:00,Assistente 2,5002814,CADASTRO,Alteração de Categoria,,Alteração de categoria,Pública,,,Pública,Pequeno comércio,1
683,2026-09-01 12:44:00,2026-09-01 12:54:00,Assistente 2,5007175,CADASTRO,Alteração de Categoria,,Alteração de categoria,Pública,,,Pública,Industrial,1
684,2026-09-08 16:39:00,2026-09-08 16:53:00,Assistente 5,5002849,CADASTRO,Alteração de Categoria,,Alteração de categoria,Social,,,Social,Comercial,2
685,2026-09-03 10:26:00,2026-09-03 10:35:00,Assistente 3,5000679,CADASTRO,Alteração de Categoria,,Alteração de categoria,Residencial,,,Residencial,Comercial,2
686,2026-09-25 13:32:00,2026-09-25 13:35:00,Assistente 5,5007973,CADASTRO,Alteração de Economia,Incremento,Alteração de economias,Social,3 SOCIAL,5 SOCIAL,,,
687,2026-09-21 07:54:00,2026-09-21 08:12:00,Assistente 4,5007259,CADASTRO,Sem Tratativa,,Encerrado sem tratativa,,,,,,
688,2026-09-18 09:55:00,2026-09-18 10:05:00,Assistente 5,5007210,CADASTRO,Alteração de Economia,Incremento,Alteração de economias,Pequeno comércio,3 P. COMERCIO,6 P. COMERCIO,,,
689,2026-09-04 08:20:00,2026-09-04 08:30:00,Assistente 1,5008225,CADASTRO,Alteração de Categoria,,Alteração de categoria,Pública,,,Pública,Pequeno comércio,2
690,2026-09-01 13:40:00,2026-09-01 13:51:00,Assistente 5,5001848,CADASTRO,Alteração de Categoria,,Alteração de categoria,Pública,,,Pública,Residencial,1
691,2026-09-05 08:08:00,2026-09-05 08:10:00,Assistente 1,5006720,CADASTRO,Alteração de Economia,Incremento,Alteração de economias,Residencial,2 RESIDENCIAL,5 RESIDENCIAL,,,
692,2026-09-08 10:14:00,2026-09-08 10:16:00,Assistente 3,5007084,CADASTRO,Sem Tratativa,,Encerrado sem tratativa,,,,,,
693,2026-09-25 12:53:00,2026-09-25 13:09:00,Assistente 4,5006195,CADASTRO,Alteração de Economia,Incremento,Alteração de economias,Residencial,2 RESIDENCIAL,4 RESIDENCIAL,,,
694,2026-09-19 12:34:00,2026-09-19 12:48:00,Assistente 4,5004802,CADASTRO,Alteração de Economia,Incremento,Alteração de economias,Residencial,2 RESIDENCIAL,3 RESIDENCIAL,,,
695,2026-09-21 11:00:00,2026-09-21 11:12:00,Assistente 5,5002534,CADASTRO,Alteração de Categoria,,Alteração de categoria,Pública,,,Pública,Pequeno comércio,1
696,2026-09-18 09:15:00,2026-09-18 09:17:00,Assistente 5,5007686,CADASTRO,Alteração de Categoria,,Alteração de categoria,Pequeno comércio,,,Pequeno comércio,Industrial,1
697,2026-09-19 16:23:00,2026-09-19 16:30:00,Assistente 1,5003647,CADASTRO,Alteração de Economia,Incremento,Alteração de economias,Residencial,1 RESIDENCIAL,4 RESIDENCIAL,,,
698,2026-09-08 11:12:00,2026-09-08 11:25:00,Assistente 3,5003129,CADASTRO,Sem Tratativa,,Encerrado sem tratativa,,,,,,
699,2026-09-04 16:42:00,2026-09-04 16:55:00,Assistente 5,5001141,CADASTRO,Alteração de Categoria,,Alteração de categoria,Social,,,Social,Industrial,1
700,2026-09-04 16:49:00,2026-09-04 16:53:00,Assistente 3,5001001,CADASTRO,Alteração de Economia,Decremento,Alteração de economias,Comercial,4 COMERCIAL,3 COMERCIAL,,,
701,2026-09-20 12:27:00,2026-09-20 12:29:00,Assistente 4,5002044,CADASTRO,Alteração de Economia,Incremento,Alteração de economias,Residencial,3 RESIDENCIAL,5 RESIDENCIAL,,,
702,2026-09-26 11:01:00,2026-09-26 11:14:00,Assistente 5,5001638,CADASTRO,Alteração de Categoria,,Alteração de categoria,Social,,,Social,Comercial,1
703,2026-09-27 14:07:00,2026-09-27 14:22:00,Assistente 3,5002947,CADASTRO,Alteração de Categoria,,Alteração de categoria,Social,,,Social,Comercial,1
704,2026-09-01 08:26:00,2026-09-01 08:39:00,Assistente 3,5001358,CADASTRO,Sem Tratativa,,Encerrado sem tratativa,,,,,,
705,2026-09-16 10:26:00,2026-09-16 10:28:00,Assistente 2,5006944,CADASTRO,Sem Tratativa,,Encerrado sem tratativa,,,,,,
706,2026-09-13 14:32:00,2026-09-13 14:40:00,Assistente 1,5005481,CADASTRO,Alteração de Categoria,,Alteração de categoria,Comercial,,,Comercial,Industrial,1
707,2026-09-07 13:29:00,2026-09-07 13:31:00,Assistente 5,5007483,CADASTRO,Alteração de Categoria,,Alteração de categoria,Industrial,,,Industrial,Residencial,1
708,2026-09-17 09:15:00,2026-09-17 09:29:00,Assistente 2,5004732,CADASTRO,Alteração de Economia,Decremento,Alteração de economias,Industrial,3 INDUSTRIAL,2 INDUSTRIAL,,,
709,2026-09-27 09:31:00,2026-09-27 09:37:00,Assistente 3,5004032,CADASTRO,Alteração de Categoria,,Alteração de categoria,Social,,,Social,Comercial,1
710,2026-09-26 12:41:00,2026-09-26 12:54:00,Assistente 5,5002926,CADASTRO,Sem Tratativa,,Encerrado sem tratativa,,,,,,
711,2026-09-12 11:40:00,2026-09-12 11:45:00,Assistente 2,5003472,CADASTRO,Alteração de Categoria,,Alteração de categoria,Industrial,,,Industrial,Social,1
712,2026-09-18 12:48:00,2026-09-18 12:52:00,Assistente 3,5007602,CADASTRO,Sem Tratativa,,Encerrado sem tratativa,,,,,,
713,2026-09-17 10:08:00,2026-09-17 10:24:00,Assistente 4,5007952,CADASTRO,Alteração de Economia,Incremento,Alteração de economias,Residencial,1 RESIDENCIAL,2 RESIDENCIAL,,,
714,2026-09-27 15:20:00,2026-09-27 15:40:00,Assistente 3,5005124,CADASTRO,Alteração de Categoria,,Alteração de categoria,Pequeno comércio,,,Pequeno comércio,Social,1
715,2026-09-22 13:59:00,2026-09-22 14:06:00,Assistente 3,5006692,CADASTRO,Alteração de Categoria,,Alteração de categoria,Comercial,,,Comercial,Industrial,1
716,2026-09-07 13:53:00,2026-09-07 14:07:00,Assistente 5,5007469,CADASTRO,Sem Tratativa,,Encerrado sem tratativa,,,,,,
717,2026-09-22 12:38:00,2026-09-22 12:55:00,Assistente 3,5007042,CADASTRO,Alteração de Categoria,,Alteração de categoria,Social,,,Social,Pequeno comércio,1
718,2026-09-21 12:45:00,2026-09-21 12:49:00,Assistente 4,5001204,CADASTRO,Alteração de Economia,Incremento,Alteração de economias,Comercial,3 COMERCIAL,4 COMERCIAL,,,
719,2026-09-27 15:36:00,2026-09-27 15:39:00,Assistente 3,5008141,CADASTRO,Sem Tratativa,,Encerrado sem tratativa,,,,,,
720,2026-09-21 09:40:00,2026-09-21 09:56:00,Assistente 2,5002373,CADASTRO,Alteração de Categoria e Economia,,Alteração de categoria,Residencial,,,Residencial,Pública,1
721,2026-09-06 09:31:00,2026-09-06 09:39:00,Assistente 2,5007602,CADASTRO,Alteração de Categoria,,Alteração de categoria,Industrial,,,Industrial,Social,1
722,2026-09-02 08:05:00,2026-09-02 08:25:00,Assistente 3,5005530,CADASTRO,Alteração de Categoria,,Alteração de categoria,Pequeno comércio,,,Pequeno comércio,Social,1
723,2026-09-24 13:52:00,2026-09-24 14:08:00,Assistente 2,5007392,CADASTRO,Alteração de Categoria,,Alteração de categoria,Industrial,,,Industrial,Comercial,1
724,2026-09-03 14:50:00,2026-09-03 14:59:00,Assistente 4,5003885,CADASTRO,Alteração de Economia,Decremento,Alteração de economias,Residencial,2 RESIDENCIAL,1 RESIDENCIAL,,,
725,2026-09-27 08:43:00,2026-09-27 09:03:00,Assistente 5,5001841,CADASTRO,Sem Tratativa,,Encerrado sem tratativa,,,,,,
726,2026-09-07 12:42:00,2026-09-07 12:48:00,Assistente 4,5002324,CADASTRO,Alteração de Economia,Incremento,Alteração de economias,Residencial,2 RESIDENCIAL,3 RESIDENCIAL,,,
727,2026-09-19 11:07:00,2026-09-19 11:09:00,Assistente 4,5006839,CADASTRO,Alteração de Economia,Incremento,Alteração de economias,Pequeno comércio,3 P. COMERCIO,4 P. COMERCIO,,,
728,2026-09-25 08:16:00,2026-09-25 08:21:00,Assistente 5,5006027,CADASTRO,Alteração de Economia,Incremento,Alteração de economias,Social,3 SOCIAL,4 SOCIAL,,,
729,2026-09-12 09:35:00,2026-09-12 09:49:00,Assistente 1,5004788,CADASTRO,Alteração de Economia,Incremento,Alteração de economias,Residencial,2 RESIDENCIAL,3 RESIDENCIAL,,,
730,2026-09-26 12:11:00,2026-09-26 12:14:00,Assistente 2,5007945,CADASTRO,Alteração de Economia,Decremento,Alteração de economias,Comercial,3 COMERCIAL,2 COMERCIAL,,,
731,2026-09-24 13:57:00,2026-09-24 14:06:00,Assistente 2,5005236,CADASTRO,Alteração de Economia,Incremento,Alteração de economias,Social,1 SOCIAL,2 SOCIAL,,,
732,2026-09-02 12:12:00,2026-09-02 12:14:00,Assistente 5,5006160,CADASTRO,Alteração de Categoria,,Alteração de categoria,Residencial,,,Residencial,Industrial,2
733,2026-09-20 17:15:00,2026-09-20 17:31:00,Assistente 5,5006216,CADASTRO,Alteração de Categoria,,Alteração de categoria,Comercial,,,Comercial,Pequeno comércio,2
734,2026-09-23 09:54:00,2026-09-23 10:13:00,Assistente 4,5004599,CADASTRO,Alteração de Economia,Incremento,Alteração de economias,Social,3 SOCIAL,4 SOCIAL,,,
735,2026-09-03 09:26:00,2026-09-03 09:43:00,Assistente 3,5002513,CADASTRO,Alteração de Categoria,,Alteração de categoria,Social,,,Social,Residencial,2
736,2026-09-12 10:57:00,2026-09-12 11:13:00,Assistente 2,5000847,CADASTRO,Sem Tratativa,,Encerrado sem tratativa,,,,,,
737,2026-09-14 11:54:00,2026-09-14 12:00:00,Assistente 3,5005446,CADASTRO,Alteração de Economia,Decremento,Alteração de economias,Social,3 SOCIAL,2 SOCIAL,,,
738,2026-09-25 10:56:00,2026-09-25 11:16:00,Assistente 2,5005866,CADASTRO,Alteração de Categoria,,Alteração de categoria,Social,,,Social,Pequeno comércio,1
739,2026-09-14 13:38:00,2026-09-14 13:58:00,Assistente 5,5002590,CADASTRO,Alteração de Categoria,,Alteração de categoria,Residencial,,,Residencial,Social,1
740,2026-09-16 15:21:00,2026-09-16 15:35:00,Assistente 5,5005593,CADASTRO,Alteração de Economia,Decremento,Alteração de economias,Pequeno comércio,3 P. COMERCIO,2 P. COMERCIO,,,
741,2026-09-14 16:15:00,2026-09-14 16:25:00,Assistente 3,5004984,CADASTRO,Alteração de Economia,Decremento,Alteração de economias,Comercial,2 COMERCIAL,1 COMERCIAL,,,
742,2026-09-06 15:21:00,2026-09-06 15:36:00,Assistente 1,5001673,CADASTRO,Alteração de Categoria,,Alteração de categoria,Industrial,,,Industrial,Comercial,2
743,2026-09-06 08:30:00,2026-09-06 08:40:00,Assistente 5,5000707,CADASTRO,Alteração de Economia,Decremento,Alteração de economias,Residencial,4 RESIDENCIAL,3 RESIDENCIAL,,,
744,2026-09-18 13:47:00,2026-09-18 14:00:00,Assistente 1,5003731,CADASTRO,Alteração de Categoria,,Alteração de categoria,Pública,,,Pública,Residencial,2
745,2026-09-27 14:04:00,2026-09-27 14:22:00,Assistente 4,5007812,CADASTRO,Alteração de Categoria e Economia,,Alteração de categoria,Residencial,,,Residencial,Social,2
746,2026-09-14 08:06:00,2026-09-14 08:21:00,Assistente 4,5002023,CADASTRO,Alteração de Categoria,,Alteração de categoria,Pequeno comércio,,,Pequeno comércio,Comercial,2
747,2026-09-13 13:27:00,2026-09-13 13:43:00,Assistente 4,5000539,CADASTRO,Alteração de Categoria,,Alteração de categoria,Social,,,Social,Pequeno comércio,2
748,2026-09-10 08:09:00,2026-09-10 08:15:00,Assistente 5,5006832,CADASTRO,Alteração de Economia,Decremento,Alteração de economias,Comercial,2 COMERCIAL,1 COMERCIAL,,,
749,2026-09-06 09:24:00,2026-09-06 09:37:00,Assistente 5,5008078,CADASTRO,Alteração de Economia,Decremento,Alteração de economias,Residencial,3 RESIDENCIAL,2 RESIDENCIAL,,,
750,2026-09-20 09:58:00,2026-09-20 10:08:00,Assistente 5,5005138,CADASTRO,Alteração de Categoria,,Alteração de categoria,Pequeno comércio,,,Pequeno comércio,Pública,1
